producto,ingredientes,descripcion,marca,costo
Agua,Aguas formato individual botella 500cc,Aguas formato individual botella 500cc,Camaleón,500.0
Algodón de azúcar,"Delicado algodón de azúcar en palillo, disponible en colores rosa o azul.","Delicado algodón de azúcar en palillo, disponible en colores rosa o azul.",Camaleón,500.0
Anticuchos,"Brocheta Carne 150gr, vacuno asiento, pollo, Longaniza, Cebolla,Pimentón rojo o verde.","Brocheta Carne 150gr, vacuno asiento, pollo, Longaniza, Cebolla,Pimentón rojo o verde.",Camaleón,500.0
Arriendo carro.,Arriendo carrito blanco.  24,Arriendo carrito blanco.  24,Camaleón,500.0
As Camaleón,"Delicioso churrasco picado de vacuno acompañado de palta fresca, tomate cubo, cebolla caramelizada y crujientes papas hilo, todo en un suave pan Lengua.","Delicioso churrasco picado de vacuno acompañado de palta fresca, tomate cubo, cebolla caramelizada y crujientes papas hilo, todo en un suave pan Lengua.",Camaleón,500.0
As Italiano,"Exquisito churrasco picado de vacuno con palta fresca y tomate cubo, servido en un esponjoso pan Lengua.","Exquisito churrasco picado de vacuno con palta fresca y tomate cubo, servido en un esponjoso pan Lengua.",Camaleón,500.0
As Luco,Exquisito churrasco picado de vacuno con queso fundido.,Exquisito churrasco picado de vacuno con queso fundido.,Camaleón,500.0
As veggie camaleon.,"Prepracion con producto vegetariano salchicha mr veggie acompañado de palta fresca, tomate cubo, cebolla caramelizada y crujientes papas hilo, todo en un suave pan Lengua.","Prepracion con producto vegetariano salchicha mr veggie acompañado de palta fresca, tomate cubo, cebolla caramelizada y crujientes papas hilo, todo en un suave pan Lengua.",Camaleón,500.0
Bebida en lata,"Bebidas Variedades en 350 cc formato en lata Variedad sabor, coca-cola, sprite, fanta,  zero y tradicional.","Bebidas Variedades en 350 cc formato en lata Variedad sabor, coca-cola, sprite, fanta,  zero y tradicional.",Camaleón,500.0
Bebida en lata,"Bebidas Variedades en 350 cc formato en lata Variedad sabor, coca-cola, sprite, fanta, zero y tradicional","Bebidas Variedades en 350 cc formato en lata Variedad sabor, coca-cola, sprite, fanta, zero y tradicional",Camaleón,500.0
Bidón de Agua,Bidón de agua 5 lts.,Bidón de agua 5 lts.,Camaleón,500.0
Brocheta de fruta,"Palito con plátano, frutilla y marshmallow, bañados en salsa de chocolate.","Palito con plátano, frutilla y marshmallow, bañados en salsa de chocolate.",Camaleón,500.0
carro de comida extra adicional + operador de servicio a cargo.,,,Camaleón,500.0
Cebolla Caramelizada,"Cebolla dorada y dulce, cocida lentamente hasta alcanzar su máximo sabor.","Cebolla dorada y dulce, cocida lentamente hasta alcanzar su máximo sabor.",Camaleón,500.0
Cebolla Crispy,"Cebolla frita crujiente y dorada, con un toque irresistible.","Cebolla frita crujiente y dorada, con un toque irresistible.",Camaleón,500.0
Cervezas botella individual.,"Cervezas formato botella 330 ml, marca stella Artois, royal y sol.","Cervezas formato botella 330 ml, marca stella Artois, royal y sol.",Camaleón,500.0
Champiñon,"Champiñones salteados, jugosos y llenos de sabor.","Champiñones salteados, jugosos y llenos de sabor.",Camaleón,500.0
Chocolate caliente,"Chocolate caliente: Mezcla instantánea de chocolate, preparada con agua caliente. De sabor dulce y textura cremosa.","Chocolate caliente: Mezcla instantánea de chocolate, preparada con agua caliente. De sabor dulce y textura cremosa.",Camaleón,500.0
Choripan Angus,"Pan Baguette - Chorizo Angus.
Incluye : Pebre (tomate picado, cebolla, cilantro).","Pan Baguette - Chorizo Angus.
Incluye : Pebre (tomate picado, cebolla, cilantro).",Camaleón,500.0
Chucrut,"elaboracion de verdura cocida, repollo fermentado .","elaboracion de verdura cocida, repollo fermentado .",Camaleón,500.0
Churrasco Camaleón,"Jugoso churrasco de vacuno con queso, palta fresca, tomate laminado y cebolla caramelizada, todo en un delicioso pan brioche.","Jugoso churrasco de vacuno con queso, palta fresca, tomate laminado y cebolla caramelizada, todo en un delicioso pan brioche.",Camaleón,500.0
Churrasco Chacarero,"Churrasco de vacuno acompañado con poroto verde, tomate fresco laminado y ají verde, servido en un pan brioche.","Churrasco de vacuno acompañado con poroto verde, tomate fresco laminado y ají verde, servido en un pan brioche.",Camaleón,500.0
Churrasco Clásico,"Churrasco de vacuno acompañado con queso, lechuga crujiente, tomate fresco laminado y pepinillos, servida en un pan brioche.","Churrasco de vacuno acompañado con queso, lechuga crujiente, tomate fresco laminado y pepinillos, servida en un pan brioche.",Camaleón,500.0
Churrasco Clásico,"Churrasco de vacuno con queso, lechuga crujiente, tomate fresco laminado y pepinillos, servida en un pan brioche.","Churrasco de vacuno con queso, lechuga crujiente, tomate fresco laminado y pepinillos, servida en un pan brioche.",Camaleón,500.0
Churrasco Italiano,Churrasco de vacuno acompañado de palta fresca y tomate laminado en un pan brioche dorado.,Churrasco de vacuno acompañado de palta fresca y tomate laminado en un pan brioche dorado.,Camaleón,500.0
Churrasco luco,Churrasco de vacuno acompañado queso fundido en un pan brioche dorado.,Churrasco de vacuno acompañado queso fundido en un pan brioche dorado.,Camaleón,500.0
Churros españoles,Dos churros dorados y espolvoreados con azúcar flor. (2 unidades),Dos churros dorados y espolvoreados con azúcar flor. (2 unidades),Camaleón,500.0
Churros españoles  ind.,churro dorados y polvoreados con azúcar flor.,churro dorados y polvoreados con azúcar flor.,Camaleón,500.0
Churros Rellenos,Un churro relleno con un toque de dulzura.,Un churro relleno con un toque de dulzura.,Camaleón,500.0
Donuts,"Fresca Donuts tradicional, con una exquisita cubierta de chocolate.","Fresca Donuts tradicional, con una exquisita cubierta de chocolate.",Camaleón,500.0
Empanadas cóctel,Tres empanaditas con masa crujiente y relleno de queso fundido. (porcion 3 unidades),Tres empanaditas con masa crujiente y relleno de queso fundido. (porcion 3 unidades),Camaleón,500.0
Empanadas de pino,Deliciosa masa tradicional  empanadas de pino carne picada.,Deliciosa masa tradicional  empanadas de pino carne picada.,Camaleón,500.0
Grafica Personalizada,,,Camaleón,500.0
Granizado,"Hielo frappé, en variedades de sabores y colores en vaso de plástico.","Hielo frappé, en variedades de sabores y colores en vaso de plástico.",Camaleón,500.0
Hamburguesa Clásica (Sin burguer),"Hamburguesa jugosa con queso, lechuga crujiente, tomate fresco laminado y pepinillos, servida en un pan brioche.","Hamburguesa jugosa con queso, lechuga crujiente, tomate fresco laminado y pepinillos, servida en un pan brioche.",Camaleón,500.0
Hamburguesa Especial,"Deliciosa hamburguesa con queso mantecoso derretido, palta fresca, tomate laminado, lechuga y cebolla caramelizada, todo en un suave pan brioche.","Deliciosa hamburguesa con queso mantecoso derretido, palta fresca, tomate laminado, lechuga y cebolla caramelizada, todo en un suave pan brioche.",Camaleón,500.0
Hamburguesa Italiana,Sabrosa hamburguesa con palta fresca y tomate laminado en un suave pan brioche.,Sabrosa hamburguesa con palta fresca y tomate laminado en un suave pan brioche.,Camaleón,500.0
Hamburguesa Italiana (Sin burguer),Sabrosa hamburguesa con palta fresca y tomate laminado en un suave pan brioche.,Sabrosa hamburguesa con palta fresca y tomate laminado en un suave pan brioche.,Camaleón,500.0
Hamburguesa Italiana Camaleón,"Deliciosa hamburguesa con queso derretido, palta fresca, tomate cubo y cebolla caramelizada, todo en un suave pan brioche.","Deliciosa hamburguesa con queso derretido, palta fresca, tomate cubo y cebolla caramelizada, todo en un suave pan brioche.",Camaleón,500.0
Vegetariana Italiana Camaleón,"Deliciosa not burguer con queso derretido, palta fresca, tomate cubo y cebolla caramelizada, todo en un suave pan brioche.","Deliciosa not burguer con queso derretido, palta fresca, tomate cubo y cebolla caramelizada, todo en un suave pan brioche.",Camaleón,500.0
Hamburguesa Tejana Camaleón,"Jugosa hamburguesa con queso fundido, tocino crujiente, cebolla crispy y un toque de BBQ en un pan brioche dorado.","Jugosa hamburguesa con queso fundido, tocino crujiente, cebolla crispy y un toque de BBQ en un pan brioche dorado.",Camaleón,500.0
Hamburguesas clasicas,"Sabrosa hamburguesa acompañado con queso, lechuga crujiente, tomate fresco laminado y pepinillos, servida en un pan brioche.","Sabrosa hamburguesa acompañado con queso, lechuga crujiente, tomate fresco laminado y pepinillos, servida en un pan brioche.",Camaleón,500.0
Helado Soft,"Helado cremoso de vainilla, chocolate o mixto en barquillo crujiente.","Helado cremoso de vainilla, chocolate o mixto en barquillo crujiente.",Camaleón,500.0
Helado Sundae,"Helado cremoso en vaso, sabor vainilla, chocolate o mixto, con salsa de manjar, chocolate o frambuesa.","Helado cremoso en vaso, sabor vainilla, chocolate o mixto, con salsa de manjar, chocolate o frambuesa.",Camaleón,500.0
Horario nocturno,Eventos finalizados posterior a las 23.30 hrs (aseguramos retorno seguro de operador),Eventos finalizados posterior a las 23.30 hrs (aseguramos retorno seguro de operador),Camaleón,500.0
Horas extras,horarario extendido servicio con operador. ($10.000 por cada operado).,horarario extendido servicio con operador. ($10.000 por cada operado).,Camaleón,500.0
Hot dog (salchichas Montina)  Italiano.,"La clásica combinación de salchicha sureña, palta fresca y tomate cubo, envuelta en un suave pan Lengua 17 cm diametro.","La clásica combinación de salchicha sureña, palta fresca y tomate cubo, envuelta en un suave pan Lengua 17 cm diametro.",Camaleón,500.0
Hot Dog Completo,"Pan lengua, salchicha sureña, tomate picado, salsa verde, ají verde","Pan lengua, salchicha sureña, tomate picado, salsa verde, ají verde",Camaleón,500.0
Hot Dog Venezolano,"Salchicha sureña con papas hilo, ensalada repollo/zanahoria, queso parmesano rallado.","Salchicha sureña con papas hilo, ensalada repollo/zanahoria, queso parmesano rallado.",Camaleón,500.0
Hot dog.,"La clásica combinación de salchicha sureña,envuelta en un suave pan Lengua.  + salsas : Mayonesa, ketchup y mostaza.","La clásica combinación de salchicha sureña,envuelta en un suave pan Lengua.  + salsas : Mayonesa, ketchup y mostaza.",Camaleón,500.0
HotDog Camaleón,"Salchicha sureña con palta fresca, tomate cubo, cebolla caramelizada y crujientes papas hilo, en un pan Lengua.","Salchicha sureña con palta fresca, tomate cubo, cebolla caramelizada y crujientes papas hilo, en un pan Lengua.",Camaleón,500.0
HotDog camaleon vegetariano,"Salchicha mr veggie con palta fresca, tomate cubo, cebolla caramelizada y crujientes papas hilo, en un pan Lengua.","Salchicha mr veggie con palta fresca, tomate cubo, cebolla caramelizada y crujientes papas hilo, en un pan Lengua.",Camaleón,500.0
HotDog Italiano,"La clásica combinación de salchicha sureña, palta fresca y tomate cubo, envuelta en un suave pan Lengua.","La clásica combinación de salchicha sureña, palta fresca y tomate cubo, envuelta en un suave pan Lengua.",Camaleón,500.0
HotDog italiano vegetariano,"La clásica combinación de salchicha MR VEGGIE, palta fresca y tomate cubo, envuelta en un suave pan Lengua.","La clásica combinación de salchicha MR VEGGIE, palta fresca y tomate cubo, envuelta en un suave pan Lengua.",Camaleón,500.0
ingrediente extra,porciones de champiñon.,porciones de champiñon.,Camaleón,500.0
Ingredientes extra,porciones de salsa americana + chucrut.,porciones de salsa americana + chucrut.,Camaleón,500.0
Liquidos calientes,"Café, té, leche y/o infusiones.","Café, té, leche y/o infusiones.",Camaleón,500.0
Liquidos Frios,"Jugos jumex o golden juice  y  Bebidas Variedades en 350 cc formato en lata Variedad sabor, coca-cola, sprite, fanta,  zero y tradicional.","Jugos jumex o golden juice  y  Bebidas Variedades en 350 cc formato en lata Variedad sabor, coca-cola, sprite, fanta,  zero y tradicional.",Camaleón,500.0
Lomito Camaleón,"Sabrosa carne de cerdo con queso, palta fresca, tomate y cebolla caramelizada, en un suave pan brioche.","Sabrosa carne de cerdo con queso, palta fresca, tomate y cebolla caramelizada, en un suave pan brioche.",Camaleón,500.0
Lomito Italiano,Lomito de cerdo acompañado de palta fresca y tomate laminado en un pan brioche esponjoso.,Lomito de cerdo acompañado de palta fresca y tomate laminado en un pan brioche esponjoso.,Camaleón,500.0
Mani confitado,"Delicioso mani confiado, porcion de 80 gr.","Delicioso mani confiado, porcion de 80 gr.",Camaleón,500.0
Mechada,,,Camaleón,500.0
Mechada Italiana,"Mechada de vacuno con palta fresca y tomate laminado, servida en un pan brioche suave.","Mechada de vacuno con palta fresca y tomate laminado, servida en un pan brioche suave.",Camaleón,500.0
Mechada Italiana Camaleón,"Mechada de vacuno con queso, palta fresca, tomate laminado y cebolla caramelizada en un pan brioche.","Mechada de vacuno con queso, palta fresca, tomate laminado y cebolla caramelizada en un pan brioche.",Camaleón,500.0
Medialuna,Exquisita Medialuna recién horneada.,Exquisita Medialuna recién horneada.,Camaleón,500.0
Mini AS Italiano,"Vacuno con palta fresca y tomate, servido en un mini pan baguette.","Vacuno con palta fresca y tomate, servido en un mini pan baguette.",Camaleón,500.0
Mini AS Luco,Vacuno con queso fundido en un mini pan baguette.,Vacuno con queso fundido en un mini pan baguette.,Camaleón,500.0
Mini Burger Cheese,"Mini hamburguesa casera con queso derretido, BBQ y cebolla caramelizada en un mini pan amasado.","Mini hamburguesa casera con queso derretido, BBQ y cebolla caramelizada en un mini pan amasado.",Camaleón,500.0
Mini Burger Clásica,"Mini hamburguesa con queso, tomate fresco y lechuga crujiente, en un delicioso mini pan amasado.","Mini hamburguesa con queso, tomate fresco y lechuga crujiente, en un delicioso mini pan amasado.",Camaleón,500.0
Mini Burger especial,"Mini hamburguesa con queso, tocino, champiñon lechuga crujiente salsa bbq, en un delicioso mini pan amasado.","Mini hamburguesa con queso, tocino, champiñon lechuga crujiente salsa bbq, en un delicioso mini pan amasado.",Camaleón,500.0
Mini Burger Italiana,"Mini hamburguesa con palta fresca y tomate, servida en un mini pan amasado.","Mini hamburguesa con palta fresca y tomate, servida en un mini pan amasado.",Camaleón,500.0
Mini Churrasco Italiano,Churrasco de vacuno con palta fresca y tomate laminado en un mini pan amasado.,Churrasco de vacuno con palta fresca y tomate laminado en un mini pan amasado.,Camaleón,500.0
Mini HotDog Italiano,"Salchicha sureña con palta fresca y tomate cubo, envuelta en un mini pan baguette.","Salchicha sureña con palta fresca y tomate cubo, envuelta en un mini pan baguette.",Camaleón,500.0
Mini Lomito Italiano,Lomito de cerdo con palta fresca y tomate cubo en un mini pan amasado.,Lomito de cerdo con palta fresca y tomate cubo en un mini pan amasado.,Camaleón,500.0
Mini Mechada Italiana,Mechada de vacuno con palta fresca y tomate en un mini pan amasado.,Mechada de vacuno con palta fresca y tomate en un mini pan amasado.,Camaleón,500.0
Mix Dulces chilenos,3 unidades,3 unidades,Camaleón,500.0
Modulo grande,"Medidas:     grafica frontal inferior 155,5  largo x 83 cm /  Grafica cenefa superior: 155,5 largo x 15 cm ancho","Medidas:     grafica frontal inferior 155,5  largo x 83 cm /  Grafica cenefa superior: 155,5 largo x 15 cm ancho",Camaleón,500.0
Mote con huesillo.,"Mote con huesillo , formato sellado 330 ml . Incluye: Cuchara desechable. Marca Pehuén","Mote con huesillo , formato sellado 330 ml . Incluye: Cuchara desechable. Marca Pehuén",Camaleón,500.0
Fruta.,"Naranja, manzana o platano.","Naranja, manzana o platano.",Camaleón,500.0
Muffin,"Muffin tradicional con exquisitos chips de chocolate, o con refrescantes arándonos.","Muffin tradicional con exquisitos chips de chocolate, o con refrescantes arándonos.",Camaleón,500.0
not burguer (INTERCAMBIO),Hamburguesa vegetariana hecha en base a plantas,Hamburguesa vegetariana hecha en base a plantas,Camaleón,500.0
Not burguer clasica,"Sabrosa not burguer  acompañado con queso, lechuga crujiente, tomate fresco laminado y pepinillos, servida en un pan brioche.","Sabrosa not burguer  acompañado con queso, lechuga crujiente, tomate fresco laminado y pepinillos, servida en un pan brioche.",Camaleón,500.0
Not burguer Italiana Camaleón,"Deliciosa not burguer con queso derretido, palta fresca, tomate cubo y cebolla caramelizada, todo en un suave pan brioche.","Deliciosa not burguer con queso derretido, palta fresca, tomate cubo y cebolla caramelizada, todo en un suave pan brioche.",Camaleón,500.0
NOTburger italiana,Sabrosa Not butguer con palta fresca y tomate laminado en un suave pan brioche.,Sabrosa Not butguer con palta fresca y tomate laminado en un suave pan brioche.,Camaleón,500.0
Nuggets,Tres piezas de nuggets de pollo dorados y tiernos.,Tres piezas de nuggets de pollo dorados y tiernos.,Camaleón,500.0
Operador a cargo de la entrega de productos.,,,Camaleón,500.0
Pack individual,"Caja Box
2 empandas de pino : Deliciosa masa tradicional empanadas de pino carne picada.  3.100 c/u
1 Bebidas Variedades en 350 cc formato en lata Variedad sabor, coca-cola, sprite, fanta, zero y tradicional.   $1.500
1 Caja box  1.300","Caja Box
2 empandas de pino : Deliciosa masa tradicional empanadas de pino carne picada.  3.100 c/u
1 Bebidas Variedades en 350 cc formato en lata Variedad sabor, coca-cola, sprite, fanta, zero y tradicional.   $1.500
1 Caja box  1.300",Camaleón,500.0
Papas Fritas,Porción de 150 grs de papas frita.,Porción de 150 grs de papas frita.,Camaleón,500.0
Papas Smile,Porcion de papas fritas smile 6 unidades.,Porcion de papas fritas smile 6 unidades.,Camaleón,500.0
Personal extra,Operadores de servicio extra.,Operadores de servicio extra.,Camaleón,500.0
Pizza individual 20 cms,Pizza medida especial 20 cms.,Pizza medida especial 20 cms.,Camaleón,500.0
Pizza Jamón queso,"Pizza individual con jamón, queso derretido y orégano.","Pizza individual con jamón, queso derretido y orégano.",Camaleón,500.0
Pizza Pepperoni,Pizza individual con pepperoni crujiente y queso derretido.,Pizza individual con pepperoni crujiente y queso derretido.,Camaleón,500.0
Pizza Veggie,"Queso fundido, aceitunas, espárragos y granos de choclo sobre salsa de tomate.","Queso fundido, aceitunas, espárragos y granos de choclo sobre salsa de tomate.",Camaleón,500.0
Pizzeta Jamón Queso,"Dos mini pizzetas con jamón, queso derretido y un toque de orégano.","Dos mini pizzetas con jamón, queso derretido y un toque de orégano.",Camaleón,500.0
Pizzeta Pepperoni,Dos mini pizzetas con pepperoni y queso gratinado.,Dos mini pizzetas con pepperoni y queso gratinado.,Camaleón,500.0
Pizzeta Veggie,"Dos mini pizzetas con choclo, pimentón y aceitunas.","Dos mini pizzetas con choclo, pimentón y aceitunas.",Camaleón,500.0
Pop Corn,"Maíz inflado y crujiente, servido en un cono de papel.","Maíz inflado y crujiente, servido en un cono de papel.",Camaleón,500.0
Pop Corn Envasadas,Pop corn envasado en vaso de 12 oz,Pop corn envasado en vaso de 12 oz,Camaleón,500.0
Queso Cheddar,"Queso cheddar derretido y suave, con un sabor intenso.","Queso cheddar derretido y suave, con un sabor intenso.",Camaleón,500.0
Queso Mantecoso,"Queso mantecoso cremoso y suave, perfecto para añadir un toque especial.","Queso mantecoso cremoso y suave, perfecto para añadir un toque especial.",Camaleón,500.0
Retiro salchichas tienda montina,,,Camaleón,500.0
Salchipapas.,"Papa pre frita y salchicha pf sureña, porción estandar 250gr , con  opcion de ser condimentadas","Papa pre frita y salchicha pf sureña, porción estandar 250gr , con  opcion de ser condimentadas",Camaleón,500.0
Salsa Americana,"Salsa americana, sabrosa y llena de sabor.","Salsa americana, sabrosa y llena de sabor.",Camaleón,500.0
Salsa Verde,"Salsa verde fresca, con un toque de acidez y hierbas.","Salsa verde fresca, con un toque de acidez y hierbas.",Camaleón,500.0
Sopaipillas.,"sopaipilla porcion de 2 unidades incluye pebre, tamaño estandar","sopaipilla porcion de 2 unidades incluye pebre, tamaño estandar",Camaleón,500.0
Supervisor a cargo del servicio.,,,Camaleón,500.0
Personal adiconal,"Operador para montaje, servir espumante y vino.","Operador para montaje, servir espumante y vino.",Camaleón,500.0
"traslado, montaje, desmontaje, carritos dia del evento.","Pepinillos dulces, crocantes y llenos de sabor.","Pepinillos dulces, crocantes y llenos de sabor.",Camaleón,500.0
Traslados a 5 puntos simultaneos.,Traslados a 5 puntos.,Traslados a 5 puntos.,Camaleón,500.0
Vaso de fruta.,Vaso con mix frutas de las temporada.,Vaso con mix frutas de las temporada.,Camaleón,500.0
Vaso Desechale,Vaso desechable.,Vaso desechable.,Camaleón,500.0
Waffles,"Waffles recién hechos con plátano, frutillas y salsa de chocolate.","Waffles recién hechos con plátano, frutillas y salsa de chocolate.",Camaleón,500.0
Wraps Mechada Camaleón,"Mechada de vacuno con mix de lechugas, guacamole fresco, queso granulado y crema ácida, en una tortilla suave.","Mechada de vacuno con mix de lechugas, guacamole fresco, queso granulado y crema ácida, en una tortilla suave.",Camaleón,500.0
Wraps Mechada Clásica,"Deliciosa mechada de vacuno con mix de lechugas, guacamole, queso granulado y un toque de crema ácida, envuelto en una tortilla suave.","Deliciosa mechada de vacuno con mix de lechugas, guacamole, queso granulado y un toque de crema ácida, envuelto en una tortilla suave.",Camaleón,500.0
Wraps Mixto Camaleón,"Sabrosa mezcla de vacuno y pollo con lechuga fresca, guacamole y queso granulado, cebolla caremelizada, porotos negros, envuelto en una tortilla.","Sabrosa mezcla de vacuno y pollo con lechuga fresca, guacamole y queso granulado, cebolla caremelizada, porotos negros, envuelto en una tortilla.",Camaleón,500.0
Wraps Mixto Clásico,"Mezcla de vacuno y pollo con lechugas frescas, guacamole y queso granulado, todo en una suave tortilla.","Mezcla de vacuno y pollo con lechugas frescas, guacamole y queso granulado, todo en una suave tortilla.",Camaleón,500.0
Wraps Pollo Camaleón,"Pollo con mix de lechuga fresca, guacamole, queso granulado y crema ácida en una suave tortilla.","Pollo con mix de lechuga fresca, guacamole, queso granulado y crema ácida en una suave tortilla.",Camaleón,500.0
Wraps Pollo Clásico,"Pollo con lechuga fresca, guacamole, queso granulado y un toque de crema ácida, envuelto en una tortilla.","Pollo con lechuga fresca, guacamole, queso granulado y un toque de crema ácida, envuelto en una tortilla.",Camaleón,500.0
Mini wraps pollo Clásico,"Pollo con mix de lechuga fresca, guacamole, queso granulado y crema ácida en una suave tortilla.","Pollo con mix de lechuga fresca, guacamole, queso granulado y crema ácida en una suave tortilla.",Camaleón,500.0
Wraps Vacuno Camaleón,"Vacuno con lechuga fresca, guacamole, queso granulado y crema ácida, envuelto en una suave tortilla.","Vacuno con lechuga fresca, guacamole, queso granulado y crema ácida, envuelto en una suave tortilla.",Camaleón,500.0
Wraps Vacuno Clásico,"Vacuno con mix de lechugas, exquisito guacamole, queso granulado y crema ácida, envuelto en una tortilla.","Vacuno con mix de lechugas, exquisito guacamole, queso granulado y crema ácida, envuelto en una tortilla.",Camaleón,500.0
Coffee AM,Jugo / Café / Muffin,Jugo / Café / Muffin,Camaleón,500.0
Helado Paleta,Variedad helados envasados,Variedad helados envasados,Camaleón,500.0
Estación de frutas,"Manzana, Pera, Naranja.","Manzana, Pera, Naranja.",Camaleón,500.0
Estación de Hidratación,Estación de agua purificada ilimitada,Estación de agua purificada ilimitada,Camaleón,500.0
Jugo en caja,Jugo en formato caja Watts.,Jugo en formato caja Watts.,Camaleón,500.0
Empanadas de queso,Exquisita empanada de queso.,Exquisita empanada de queso.,Camaleón,500.0
Pizza Individual,Exquisita pizza individual / variedad de sabores.,Exquisita pizza individual / variedad de sabores.,Camaleón,500.0
Pizzeta,Irresisteble pizzeta con variedad de sabores. 2 unidades por porción.,Irresisteble pizzeta con variedad de sabores. 2 unidades por porción.,Camaleón,500.0
Algodón de azúcar envasado,Algodón de azúcar envasado en vaso de 12 oz,Algodón de azúcar envasado en vaso de 12 oz,Camaleón,500.0
Brocheta de Frutillas,Palito con frutillas con salsa de chocolate.,Palito con frutillas con salsa de chocolate.,Camaleón,500.0
Jugo Guallarauco,Jugo en vaso 10oz c/tapa y bombilla. 2 sabores.,Jugo en vaso 10oz c/tapa y bombilla. 2 sabores.,Camaleón,500.0
Carro Vintage,Montaje de carrito Vintage/Blanco,Montaje de carrito Vintage/Blanco,Camaleón,500.0
Porción pepinillos,Porción extra pepinillos dill,Porción extra pepinillos dill,Camaleón,500.0
Tapaditos,"Exquisitos tapaditos para coffee break, variedad de sabores a elección.","Exquisitos tapaditos para coffee break, variedad de sabores a elección.",Camaleón,500.0
Cheese Burger,"Sabrosa hamburguesa acompañado con queso, servida en un pan brioche.","Sabrosa hamburguesa acompañado con queso, servida en un pan brioche.",Camaleón,500.0
Anticucho Especial,"Brocheta de mix de carnes Ariztia y verduras (pimentón, cebolla)","Brocheta de mix de carnes Ariztia y verduras (pimentón, cebolla)",Camaleón,500.0
Horario Especial,"Horario especial operadores (madrugada, a.m)","Horario especial operadores (madrugada, a.m)",Camaleón,500.0
Sticker Pop Corn,Sticker 5 cms de diámetro para Vaso Pop Corn,Sticker 5 cms de diámetro para Vaso Pop Corn,Camaleón,500.0
Pop corn vaso 500cc,Pop corn crujiente en vaso de 500cc,Pop corn crujiente en vaso de 500cc,Camaleón,500.0
Algodón de azúcar vaso 500cc,Exquisito algodón de azúcar en vaso de 500cc,Exquisito algodón de azúcar en vaso de 500cc,Camaleón,500.0
Hamburguesa especial 250grs,"Hamburguesa 250 grs con queso y lechuga, todo en un exquisito pan Brioche","Hamburguesa 250 grs con queso y lechuga, todo en un exquisito pan Brioche",Camaleón,500.0
Caja churro,Caja para churro personal externo.,Caja para churro personal externo.,Camaleón,500.0
Churros españoles x3,Tres churros dorados y espolvoreados con azúcar flor.,Tres churros dorados y espolvoreados con azúcar flor.,Camaleón,500.0
Choripan ariztia,"Pan Marraqueta - Chorizo ariztia
Incluye : Pebre (tomate picado, cebolla, cilantro).  + salsas : Mayonesa, ketchup y mostaza.","Pan Marraqueta - Chorizo ariztia
Incluye : Pebre (tomate picado, cebolla, cilantro).  + salsas : Mayonesa, ketchup y mostaza.",Camaleón,500.0
Personal general,"personal general : choferes, operadores a cargo del entrega, montaj y entrega de productos","personal general : choferes, operadores a cargo del entrega, montaj y entrega de productos",Camaleón,500.0
Hornos,2 hornosa electricos,2 hornosa electricos,Camaleón,500.0
Salsas  extras,"Chucrut,   pepinillos dill y  salsaverde","Chucrut,   pepinillos dill y  salsaverde",Camaleón,500.0
montaje,carros a gas + 2 modulos entrega + estacion papas fritas + maquina pop corn.  + Maquina helados ( 6 operadores),carros a gas + 2 modulos entrega + estacion papas fritas + maquina pop corn.  + Maquina helados ( 6 operadores),Camaleón,500.0
Ingrediente extra P,"Porcion pepinillos dulces, crocantes .","Porcion pepinillos dulces, crocantes .",Camaleón,500.0
entrega servicio + personal y equipamiento.,entrega servicio + personal y equipamiento.,entrega servicio + personal y equipamiento.,Camaleón,500.0
Agua mineral,Botella agua mineral formato 600 ml.,Botella agua mineral formato 600 ml.,Gourmet,500.0
Ají Verde,,,Gourmet,500.0
Algodón de azúcar,Entregadas en vaso de 360cc. Color a elección del cliente.,Entregadas en vaso de 360cc. Color a elección del cliente.,Gourmet,500.0
As Gourmet,"Pan Lengua 17 cms, Churrasco Picado, Queso Cheddar, Champiñones, Cebolla Caramelizada y Salsa Bbq.","Pan Lengua 17 cms, Churrasco Picado, Queso Cheddar, Champiñones, Cebolla Caramelizada y Salsa Bbq.",Gourmet,500.0
As Gourmet XL,"Pan Lengua 25 cms, Churrasco Picado, Queso Cheddar, Champiñones, Cebolla Caramelizada y Salsa Bbq.","Pan Lengua 25 cms, Churrasco Picado, Queso Cheddar, Champiñones, Cebolla Caramelizada y Salsa Bbq.",Gourmet,500.0
As Italiano,"Pan Lengua 17 cms, ChurrascoPicado, Palta Hass, Tomate Fresco Picado.","Pan Lengua 17 cms, ChurrascoPicado, Palta Hass, Tomate Fresco Picado.",Gourmet,500.0
As Italiano XL,"Pan Lengua 25 cms, Churrasco Picado, Palta Hass, Tomate Fresco Picado.","Pan Lengua 25 cms, Churrasco Picado, Palta Hass, Tomate Fresco Picado.",Gourmet,500.0
As Luco,"Pan Lengua 17 cms, Churrasco Picado y Queso Cheddar.","Pan Lengua 17 cms, Churrasco Picado y Queso Cheddar.",Gourmet,500.0
As Luco XL,"Pan Lengua 25 cms, Churrasco Picado y Queso Cheddar.","Pan Lengua 25 cms, Churrasco Picado y Queso Cheddar.",Gourmet,500.0
Bebida en lata,"Bebidas 350 CC (ANDINAS) Incluye: Coca Cola Normal, Coca Cola Zero, Sprite, Fanta.","Bebidas 350 CC (ANDINAS) Incluye: Coca Cola Normal, Coca Cola Zero, Sprite, Fanta.",Gourmet,500.0
Branding Carro Clásico,Gráfica carro clásico,Gráfica carro clásico,Gourmet,500.0
Brocheta de fruta,Plátano - Frutilla / Marshmallow con salsa de chocolate.,Plátano - Frutilla / Marshmallow con salsa de chocolate.,Gourmet,500.0
Cabritas Dulces,Entregadas en vaso de 360cc.,Entregadas en vaso de 360cc.,Gourmet,500.0
Cafe Caliente,"Incluye endulzante o azúcar, revolvedor y vaso térmico desechable","Incluye endulzante o azúcar, revolvedor y vaso térmico desechable",Gourmet,500.0
Carro Blanco,Carro blanco mediano,Carro blanco mediano,Gourmet,500.0
Porción Cebolla caramelizada,,,Gourmet,500.0
Chocolate Caliente y decoración,,,Gourmet,500.0
Choripan,,,Gourmet,500.0
Churrasco Gourmet,"Pan Brioche 10 cms, Churrasco Picado, Lechuga Fresca, Tomate Fresco Laminado, Aji Verde, Cebolla Caramelizada, Chucrut y Salsa Americana.","Pan Brioche 10 cms, Churrasco Picado, Lechuga Fresca, Tomate Fresco Laminado, Aji Verde, Cebolla Caramelizada, Chucrut y Salsa Americana.",Gourmet,500.0
Churrasco Italiano,"Pan Brioche 10 cms, Churrasco Picado, Palta Hass y Tomate Fresco Picado.","Pan Brioche 10 cms, Churrasco Picado, Palta Hass y Tomate Fresco Picado.",Gourmet,500.0
Churrasco Luco,"Pan Brioche 10 cms, Churrasco Picado y Queso.","Pan Brioche 10 cms, Churrasco Picado y Queso.",Gourmet,500.0
Churros españoles,"Churro tradicional envuelto en azúcar flor, 2 unidades","Churro tradicional envuelto en azúcar flor, 2 unidades",Gourmet,500.0
Churros Rellenos,Churro tradicionales relleno con manjar.,Churro tradicionales relleno con manjar.,Gourmet,500.0
Cotton Candy,Algodón de azúcar.,Algodón de azúcar.,Gourmet,500.0
Crepes,"Crepes dulces: incluye waffle dulce, frutas de la estación, salsas de frambuesa, manjar y chocolate, chips de colores, marshmallows","Crepes dulces: incluye waffle dulce, frutas de la estación, salsas de frambuesa, manjar y chocolate, chips de colores, marshmallows",Gourmet,500.0
Empanadas cóctel,Porción 3 unidades rellenas con queso.,Porción 3 unidades rellenas con queso.,Gourmet,500.0
Empanadas,pino o queso.,pino o queso.,Gourmet,500.0
Envase Personalizado,,,Gourmet,500.0
Hamburguesa Queso,"Pan Brioche 10 cms, Burger de 100 grs y Queso Cheddar o Mantecoso.","Pan Brioche 10 cms, Burger de 100 grs y Queso Cheddar o Mantecoso.",Gourmet,500.0
Hamburguesa Clasica,"Pan Brioche 10 cms, Burger de 100 grs, Tomate Laminado Fresco, Lechuga Fresca y Queso.","Pan Brioche 10 cms, Burger de 100 grs, Tomate Laminado Fresco, Lechuga Fresca y Queso.",Gourmet,500.0
Hamburguesa Clasica Veggie,,,Gourmet,500.0
Hamburguesa Gourmet,"Pan Brioche 10 cms, Burger de 100 grs, Lechuga Fresca, Tomate Laminado Fresco, Queso, Cebolla Caramelizada, Papas Hilo y Salsa Americana.","Pan Brioche 10 cms, Burger de 100 grs, Lechuga Fresca, Tomate Laminado Fresco, Queso, Cebolla Caramelizada, Papas Hilo y Salsa Americana.",Gourmet,500.0
Hamburguesa Gourmet Veggie,,,Gourmet,500.0
Hamburguesa Italiana,"Pan Brioche 10 cms, Burger de 100 grs, Palta Hass y Tomate Laminado Fresco.","Pan Brioche 10 cms, Burger de 100 grs, Palta Hass y Tomate Laminado Fresco.",Gourmet,500.0
Hamburguesa italiana Veggie,,,Gourmet,500.0
hamburguesa personalizada,"Pan Brioche 10 cms, Burger de 100 grs, Tomate Laminado Fresco, Lechuga Fresca , Queso, cebolla morada y pepinillos.","Pan Brioche 10 cms, Burger de 100 grs, Tomate Laminado Fresco, Lechuga Fresca , Queso, cebolla morada y pepinillos.",Gourmet,500.0
Helado Soft,"Helado soft chocolate, vainilla o mixto en cono de barquillo.","Helado soft chocolate, vainilla o mixto en cono de barquillo.",Gourmet,500.0
Helados en Cono,"Helado soft chocolate, vainilla o mixto en cono de barquillo.","Helado soft chocolate, vainilla o mixto en cono de barquillo.",Gourmet,500.0
Helado Sundae,"Helado soft chocolate, vainilla o mixto en vaso en plástico, salsa de chocolate y toppings(cobertura).","Helado soft chocolate, vainilla o mixto en vaso en plástico, salsa de chocolate y toppings(cobertura).",Gourmet,500.0
Hora extra por operador,,,Gourmet,500.0
Hot Dog,"Pan Lengua 17cm, Salchicha PF Sureña 15cm.","Pan Lengua 17cm, Salchicha PF Sureña 15cm.",Gourmet,500.0
Hot Dog Dinámico,"Pan Lengua 17 cms, Salchicha PF Sureña 15 cms, Tomate Fresco Picado, Salsa Americana y Salsa Verde.","Pan Lengua 17 cms, Salchicha PF Sureña 15 cms, Tomate Fresco Picado, Salsa Americana y Salsa Verde.",Gourmet,500.0
Hot Dog Dinámico XL,"Pan Lengua 25 cms, Salchicha PF Sureña XL, Tomate Fresco Picado, Salsa Americana y Salsa Verde.","Pan Lengua 25 cms, Salchicha PF Sureña XL, Tomate Fresco Picado, Salsa Americana y Salsa Verde.",Gourmet,500.0
Hot Dog Gourmet,"Pan Lengua 17cm, Salchicha PF Sureña15cms, Queso, Champiñones Salteados, Cebolla Caramelizada, Salsa Bbq.","Pan Lengua 17cm, Salchicha PF Sureña15cms, Queso, Champiñones Salteados, Cebolla Caramelizada, Salsa Bbq.",Gourmet,500.0
Hot Dog Gourmet Veggie,"Pan Lengua 17cm, Salchicha Vegusta 15cms, Queso, Champiñones Salteados, Cebolla Caramelizada, Salsa Bbq.","Pan Lengua 17cm, Salchicha Vegusta 15cms, Queso, Champiñones Salteados, Cebolla Caramelizada, Salsa Bbq.",Gourmet,500.0
Hot Dog Gourmet XL,"Pan Lengua 25cm, Salchicha PF Sureña XL, Queso Cheddar, Champiñones Salteados, Cebolla Caramelizada, Salsa Bbq.","Pan Lengua 25cm, Salchicha PF Sureña XL, Queso Cheddar, Champiñones Salteados, Cebolla Caramelizada, Salsa Bbq.",Gourmet,500.0
Hot Dog Italiano,"Pan Lengua 17cm, Salchicha PF Sureña 15cm, Tomate Fresco Picado, Palta Hass.","Pan Lengua 17cm, Salchicha PF Sureña 15cm, Tomate Fresco Picado, Palta Hass.",Gourmet,500.0
Hot Dog Italiano Vegetariano,"Pan Lengua 17cm, Salchicha Vegusta, Tomate Fresco Picado, Palta Hass.","Pan Lengua 17cm, Salchicha Vegusta, Tomate Fresco Picado, Palta Hass.",Gourmet,500.0
Hot Dog Italiano XL,"Pan Lengua 25cm, Salchicha PF Sureña XL,, Tomate Fresco Picado y Palta Hass.","Pan Lengua 25cm, Salchicha PF Sureña XL,, Tomate Fresco Picado y Palta Hass.",Gourmet,500.0
Hot dog Veggie,,,Gourmet,500.0
Jugos Naturales,"Incluye: 2 Sabores a elección: Frutilla, Durazno, Piña, Papaya, Melón Tuna.","Incluye: 2 Sabores a elección: Frutilla, Durazno, Piña, Papaya, Melón Tuna.",Gourmet,500.0
Jugo en lata,,,Gourmet,500.0
Líquidos calientes,"Café, té o chocolate caliente. Incluye endulzante o azúcar, revolvedor y vaso térmico desechable","Café, té o chocolate caliente. Incluye endulzante o azúcar, revolvedor y vaso térmico desechable",Gourmet,500.0
Lomito Gourmet,"Pan Brioche 10 cms, Lomo de cerdo, Queso Cheddar, Champiñones Salteados, Salsa Bbq y Cebolla Caramelizada","Pan Brioche 10 cms, Lomo de cerdo, Queso Cheddar, Champiñones Salteados, Salsa Bbq y Cebolla Caramelizada",Gourmet,500.0
Lomito Italiano,"Pan Brioche 10 csm, Lomo de Cerdo, Palta Hass y Tomate Laminado Fresco.","Pan Brioche 10 csm, Lomo de Cerdo, Palta Hass y Tomate Laminado Fresco.",Gourmet,500.0
Lomito Italiano,Lomito de cerdo acompañado de palta fresca y tomate laminado en un pan brioche esponjoso.,Lomito de cerdo acompañado de palta fresca y tomate laminado en un pan brioche esponjoso.,Gourmet,500.0
Lomito Luco,"Pan Brioche 10 cms, Lomo de Cerdo y Queso.","Pan Brioche 10 cms, Lomo de Cerdo y Queso.",Gourmet,500.0
Mechada Clásica,"Pan Brioche 10 cms, Mechada de Vacuno, Tomates Laminados Fresco, Lechuga Fresca y Queso Mantecoso.","Pan Brioche 10 cms, Mechada de Vacuno, Tomates Laminados Fresco, Lechuga Fresca y Queso Mantecoso.",Gourmet,500.0
Mechada Gourmet,"Pan Brioche 10 cms, Mechada de Vacuno, Tomates Laminados Fresco, Palta Hass, Cebolla Caramelizada, Aji Verde, Salsa Americana.","Pan Brioche 10 cms, Mechada de Vacuno, Tomates Laminados Fresco, Palta Hass, Cebolla Caramelizada, Aji Verde, Salsa Americana.",Gourmet,500.0
Mechada Gourmet veggie,"Pan Brioche 10 cms, hamburguesa not burguet, Tomates Laminados Fresco, Palta Hass, Cebolla Caramelizada, Aji Verde, Salsa Americana.","Pan Brioche 10 cms, hamburguesa not burguet, Tomates Laminados Fresco, Palta Hass, Cebolla Caramelizada, Aji Verde, Salsa Americana.",Gourmet,500.0
Mechada Italiana,"Pan Brioche 10 cms, Mechada de Vacuno, Palta Hass y Tomate Laminado Fresco.","Pan Brioche 10 cms, Mechada de Vacuno, Palta Hass y Tomate Laminado Fresco.",Gourmet,500.0
Medialuna,Exquisita medialuna crujiente.,Exquisita medialuna crujiente.,Gourmet,500.0
Mini As Italiano,"Pan Amasado Mini, Churrasco de Vacuno, Palta Hass y Tomate Picado Fresco.","Pan Amasado Mini, Churrasco de Vacuno, Palta Hass y Tomate Picado Fresco.",Gourmet,500.0
Mini As Luco,"Pan Amasado Mini, Churrasco de Vacuo y Queso Cheddar.","Pan Amasado Mini, Churrasco de Vacuo y Queso Cheddar.",Gourmet,500.0
Mini Bebida,"bebida en lata individual 220 cc, Coca Cola Normal, Coca Cola Zero, Sprite, Fanta.","bebida en lata individual 220 cc, Coca Cola Normal, Coca Cola Zero, Sprite, Fanta.",Gourmet,500.0
Mini Burger Clásica,"Pan Amasado Mini, Burger Casera 60 grs, Queso Cheddar, Lechuga Fresca y Tomate Laminado Fresco.","Pan Amasado Mini, Burger Casera 60 grs, Queso Cheddar, Lechuga Fresca y Tomate Laminado Fresco.",Gourmet,500.0
Mini Burger Italiana,"Pan Amasado Mini, Burger Casera 60 grs, Palta Hass, y Tomate Laminado Fresco.","Pan Amasado Mini, Burger Casera 60 grs, Palta Hass, y Tomate Laminado Fresco.",Gourmet,500.0
Mini CheeseBurger,"Pan Amasado Mini, Burger Casera de 60 grs, Queso Cheddar y Cebolla Caramelizada.","Pan Amasado Mini, Burger Casera de 60 grs, Queso Cheddar y Cebolla Caramelizada.",Gourmet,500.0
Mini Churrasco Italiano,"Pan Amasado Mini, Churrasco de Vacuno, Palta Hass y Tomate Laminado Fresco.","Pan Amasado Mini, Churrasco de Vacuno, Palta Hass y Tomate Laminado Fresco.",Gourmet,500.0
Mini Hot Dog Italiano,"Pan lengua Mini, Salchicha Sureña, Palta Hass y Tomate Picado Fresco.","Pan lengua Mini, Salchicha Sureña, Palta Hass y Tomate Picado Fresco.",Gourmet,500.0
Mini Lomito Italiano,"Pan Amasado Mini, Lomito de Cerdo, Palta Hass y Tomate Laminado Fresco.","Pan Amasado Mini, Lomito de Cerdo, Palta Hass y Tomate Laminado Fresco.",Gourmet,500.0
Mini Mechada Italiana,"Pan Amasado Mini, Mechada de Vacuno, Palta Hass y Tomate Laminado Fresco.","Pan Amasado Mini, Mechada de Vacuno, Palta Hass y Tomate Laminado Fresco.",Gourmet,500.0
Montaje,,,Gourmet,500.0
Nuggets,Porción de 3 unidades de Nuggets,Porción de 3 unidades de Nuggets,Gourmet,500.0
Papa Fritas Natural,Papa fritas natural tipo rusticas,Papa fritas natural tipo rusticas,Gourmet,500.0
Papa Smile,,,Gourmet,500.0
Papas Fritas,Porción de papas fritas 150 grs.,Porción de papas fritas 150 grs.,Gourmet,500.0
Papas fritas 200 grs,Porción de papas fritas 200 grs.,Porción de papas fritas 200 grs.,Gourmet,500.0
Pizza Artesanal Personalizada,Pizza individual artesanal 18 cms,Pizza individual artesanal 18 cms,Gourmet,500.0
Pizza Individual,Pizzas individuales 16 cm. Sabores disponibles: Jamón Queso - Pepperoni - Veggie,Pizzas individuales 16 cm. Sabores disponibles: Jamón Queso - Pepperoni - Veggie,Gourmet,500.0
Pizzetas,2 Unidades de pizzeta. Sabores: Jamón Queso - Pepperoni - Veggie.,2 Unidades de pizzeta. Sabores: Jamón Queso - Pepperoni - Veggie.,Gourmet,500.0
Pop Corn,Palomitas de Maíz 40 gr aprox.,Palomitas de Maíz 40 gr aprox.,Gourmet,500.0
PopCorn Personalizado,,,Gourmet,500.0
Pulled Pork Gourmet,"Pan Brioche 10 cms, Pulled Pork, Lechuga Fresca, Tomate Fresco Laminado, Aji Verde, Cebolla Caramelizada, Chucrut y Salsa Americana.","Pan Brioche 10 cms, Pulled Pork, Lechuga Fresca, Tomate Fresco Laminado, Aji Verde, Cebolla Caramelizada, Chucrut y Salsa Americana.",Gourmet,500.0
Pulled Pork Italiano,"Pan Brioche 10 cms, Pulled Pork, Palta Hass y Tomate Fresco Picado.","Pan Brioche 10 cms, Pulled Pork, Palta Hass y Tomate Fresco Picado.",Gourmet,500.0
Salchipapas,,,Gourmet,500.0
Salsa Americana,,,Gourmet,500.0
Salsa Verde,,,Gourmet,500.0
Sandwich Vegetariano,"Intercambio proteina por Not burguer vegetariana para sandwich y
salchicha Mr veggie para hot dog","Intercambio proteina por Not burguer vegetariana para sandwich y
salchicha Mr veggie para hot dog",Gourmet,500.0
Smash Burger Clasica,"Pan Brioche 10 cms, Burger de 100 grs, Tomate Laminado Fresco, Lechuga Fresca y Queso.","Pan Brioche 10 cms, Burger de 100 grs, Tomate Laminado Fresco, Lechuga Fresca y Queso.",Gourmet,500.0
Smash Burger Gourmet,"Pan Brioche 10 cms, Burger de 100 grs, Lechuga Fresca, Tomate Laminado Fresco, Queso, Cebolla Caramelizada, Papas Hilo y Salsa Americana.","Pan Brioche 10 cms, Burger de 100 grs, Lechuga Fresca, Tomate Laminado Fresco, Queso, Cebolla Caramelizada, Papas Hilo y Salsa Americana.",Gourmet,500.0
Sopaipilla,2 unidades por porcion,2 unidades por porcion,Gourmet,500.0
Traslado,,,Gourmet,500.0
Waffles,"Waffles dulces: incluye waffle dulce, frutas de la estación, salsas de frambuesa, manjar y chocolate, chips de colores, marshmallows","Waffles dulces: incluye waffle dulce, frutas de la estación, salsas de frambuesa, manjar y chocolate, chips de colores, marshmallows",Gourmet,500.0
Wraps Clásico,"Tortilla XL, Churrasco Picado, Guacamole, Queso Granulado, Mix de Lechuga, y Crema Acida.","Tortilla XL, Churrasco Picado, Guacamole, Queso Granulado, Mix de Lechuga, y Crema Acida.",Gourmet,500.0
Wraps Gourmet,"Tortilla XL, carne mechada, Guacamole, Queso Granulado, Mix de Lechuga, Porotos Negros y Crema Acida.","Tortilla XL, carne mechada, Guacamole, Queso Granulado, Mix de Lechuga, Porotos Negros y Crema Acida.",Gourmet,500.0
Wraps Pollo,"Tortilla XL, Pollo, Guacamole, Queso Granulado, Mix de Lechuga y Crema Acida.","Tortilla XL, Pollo, Guacamole, Queso Granulado, Mix de Lechuga y Crema Acida.",Gourmet,500.0
Pizza Jamón queso,,,Gourmet,500.0
Pizza Pepperoni,,,Gourmet,500.0
Pizza Veggie,,,Gourmet,500.0
Pizzeta Jamón Queso,,,Gourmet,500.0
Pizzeta Pepperoni,,,Gourmet,500.0
Pizzeta Veggie,,,Gourmet,500.0
Porción Queso,Cheddar o Mantecoso,Cheddar o Mantecoso,Gourmet,500.0
Pizza Artesanal,,,Gourmet,500.0
Bidon de agua 5 lt,,,Gourmet,500.0
Donuts,,,Gourmet,500.0
Chucrut,,,Gourmet,500.0
Envase sandwich,,,Gourmet,500.0
Hot Dog Italiano veggie XL,,,Gourmet,500.0
Hot Dog Dinamico veggie XL,,,Gourmet,500.0
Pack Revisión Técnica,"2 Hamburguesas (Burger de 100 grs, Tomate Laminado Fresco, Lechuga Fresca, Queso, palta hass y cebolla caramelizada, todo en un suave pan brioche).
2 Bebidas lata 355 ml.
1 Churro Relleno.
1 Papas Fritas 150 grs.","2 Hamburguesas (Burger de 100 grs, Tomate Laminado Fresco, Lechuga Fresca, Queso, palta hass y cebolla caramelizada, todo en un suave pan brioche).
2 Bebidas lata 355 ml.
1 Churro Relleno.
1 Papas Fritas 150 grs.",Gourmet,500.0
Operador,,,Gourmet,500.0
Hot Dog + Papas fritas,,,Gourmet,500.0
Chocolate Caliente,,,Gourmet,500.0
Muffin,,,Gourmet,500.0
Wraps Vacuno,,,Gourmet,500.0
Mini Churro,,,Gourmet,500.0
Branding Modulo,,,Gourmet,500.0
Entrega de sticker,,,Gourmet,500.0
Choclo,,,Gourmet,500.0
Hot Dog Premium,,,Gourmet,500.0
"Hamburguesa, queso y tocino.",,,Gourmet,500.0
Branding Pop Corn,,,Gourmet,500.0
Granizados,"Sabores: frambuesa, chicle azul, uva, melon tuna, piña colada, mango maracuya (según disponibilidad)","Sabores: frambuesa, chicle azul, uva, melon tuna, piña colada, mango maracuya (según disponibilidad)",Gourmet,500.0
Bebida 500cc Bilz,,,Gourmet,500.0
Empanada de Pino,Carne lomo picada,Carne lomo picada,Gourmet,500.0
Anticucho,"Brocheta 35cm, 150 gr., Carne, Cerdo, Longaniza, Pimenton, Cebolla","Brocheta 35cm, 150 gr., Carne, Cerdo, Longaniza, Pimenton, Cebolla",Gourmet,500.0
Mote con huesillo,,,Gourmet,500.0
Choripan,Incluye 20gr. pebre,Incluye 20gr. pebre,Gourmet,500.0
Dulces chilenos,"3 unidades: Principe merengue, chilenito, empolvados, mil hojas.","3 unidades: Principe merengue, chilenito, empolvados, mil hojas.",Gourmet,500.0
Helados Savory,Variedades,Variedades,Gourmet,500.0
Porciones de Fruta,"Plátano, manzana y naranja 300gr","Plátano, manzana y naranja 300gr",Gourmet,500.0
Tapaditos,,,Gourmet,500.0
Pollo Italiano,"Pan Brioche 10 cms, escalopín de pollo, Palta Hass y Tomate Fresco Picado","Pan Brioche 10 cms, escalopín de pollo, Palta Hass y Tomate Fresco Picado",Gourmet,500.0
Not Burguer Italiana,"Pan Brioche 10 cms, NOTburger, Palta Hass y Tomate Laminado Fresco","Pan Brioche 10 cms, NOTburger, Palta Hass y Tomate Laminado Fresco",Gourmet,500.0
Carro blanco con gráfica,,,Gourmet,500.0
Branding módulos,,,Gourmet,500.0
Supervisor,,,Gourmet,500.0
Empanadas chica,,,Gourmet,500.0
Cerveza sin alcochol,,,Gourmet,500.0
Terremoto sin alcohol,,,Gourmet,500.0
Hot Dog Dinamico veggie,,,Gourmet,500.0
Cachantun + sabores,,,Gourmet,500.0
Pizza Individual Napolitana,,,Gourmet,500.0
Wraps Vegetarianos,,,Gourmet,500.0
Bidon 20 lt,,,Gourmet,500.0
Hamburguesa Queso Cheddar,,,Gourmet,500.0
Empanada de coctel,Pino-Queso-Vegetariana-Vegana,Pino-Queso-Vegetariana-Vegana,Gourmet,500.0
Empanadas Vegetarianas,,,Gourmet,500.0
Choripan Veggie,,,Gourmet,500.0
Terremoto,,,Gourmet,500.0
Cerveza Heinikel,,,Gourmet,500.0
Empanada de queso,,,Gourmet,500.0
Horario nocturno por operador,,,Gourmet,500.0
Bebidas Calientes,|,|,Gourmet,500.0
Jugo,Boca ancha,Boca ancha,Gourmet,500.0
Bebestible,,,Gourmet,500.0
NOTBURGER Gourmet,,,Gourmet,500.0
Liquidos Frios,,,Gourmet,500.0
Packaging Entrega,,,Gourmet,500.0
Sachets Salsas,,,Gourmet,500.0
Fruta a Granel,,,Gourmet,500.0
Traslado y Montaje,,,Gourmet,500.0
Gastos Operacionales,,,Gourmet,500.0
Puntos de Hidratacion,,,Gourmet,500.0
Porción de Lechuga,,,Gourmet,500.0
Porción de Pepinillo Dulce,,,Gourmet,500.0
Manzana Confitada,,,Gourmet,500.0
Pack Café con Galletas,"Café Incluye endulzante o azúcar, revolvedor y vaso térmico desechable
Galletas La Dulcería 2 un.","Café Incluye endulzante o azúcar, revolvedor y vaso térmico desechable
Galletas La Dulcería 2 un.",Gourmet,500.0
Galletas,Galletas La Dulcería 2 un.,Galletas La Dulcería 2 un.,Gourmet,500.0
Hand Roll,,,Gourmet,500.0
Cerveza Individual,"Royal, Sol o Stella Artois","Royal, Sol o Stella Artois",Gourmet,500.0
Salchicha Llanquihue,,,Gourmet,500.0
Branding Carro Blanco,,,Gourmet,500.0
Branding Carro Blanco Techo,,,Gourmet,500.0
Anticucho vegetariano,,,Gourmet,500.0
Hot Dog Personalizado,"Pan Lengua 17cm, Salchicha PF Sureña 15cm, Tomate Fresco Picado.","Pan Lengua 17cm, Salchicha PF Sureña 15cm, Tomate Fresco Picado.",Gourmet,500.0
WebPay,Recargo 4%,Recargo 4%,Gourmet,500.0
Hamburguesa Veggie,,,Gourmet,500.0
Porción de Palta,,,Gourmet,500.0
Mini Hot Dog Veggie,,,Gourmet,500.0
Porción de Cebolla,,,Gourmet,500.0
Desayuno Finning,"Te, Café, Muffin, Sandwich del día y Agua Saborizada","Te, Café, Muffin, Sandwich del día y Agua Saborizada",Gourmet,500.0
Mini Tacos Carne y Pico Gallo,,,Gourmet,500.0
Mini Quesadillas y Guacamole,,,Gourmet,500.0
Papas Fritas con Guacamole,,,Gourmet,500.0
Bebidas Sin Alcohol,"Bebidas en lata 350cc, Jugo en Pulpa, Agua mineral, Cerveza sin alcohol.","Bebidas en lata 350cc, Jugo en Pulpa, Agua mineral, Cerveza sin alcohol.",Gourmet,500.0
Bebidas Con Alcohol,"Cerveza, Pisco, Espumante, Pisco Sour","Cerveza, Pisco, Espumante, Pisco Sour",Gourmet,500.0
Brocheta de Marshmallow,Marshmallow con salsa de chocolate.,Marshmallow con salsa de chocolate.,Gourmet,500.0
Mini Wraps Pollo,,,Gourmet,500.0
Churrasco Italiano,"Pan de brioche 11 cm, carne de vacuno, palta 100% hass, tomates frescos","Pan de brioche 11 cm, carne de vacuno, palta 100% hass, tomates frescos",Express,500.0
Estación líquidos calientes:,"Pan de brioche, lomito de cerdo 100 gr, palta 100% hass, tomates frescos y mayonesa","Pan de brioche, lomito de cerdo 100 gr, palta 100% hass, tomates frescos y mayonesa",Express,500.0
Hamburguesas clásicas,"Pan  brioche 11 cm de diámetro, hamburguesa 100 gr, queso, lechuga, tomates frescos","Pan  brioche 11 cm de diámetro, hamburguesa 100 gr, queso, lechuga, tomates frescos",Express,500.0
Hotdogs Italianos,"Pan Lengua 17 cm, salchicha PF sureña, palta 100% hass, tomates frescos.","Pan Lengua 17 cm, salchicha PF sureña, palta 100% hass, tomates frescos.",Express,500.0
As Italianos,"Pan lengua, carne de vacuno, palta 100% hass, tomates frescos y mayonesa","Pan lengua, carne de vacuno, palta 100% hass, tomates frescos y mayonesa",Express,500.0
Papas fritas,"Canasto de papas fritas 150gr aprox, condimentadas con sal, orégano y merken a gusto","Canasto de papas fritas 150gr aprox, condimentadas con sal, orégano y merken a gusto",Express,500.0
Empanadas de queso,Porción estándar 3 unidades rellenas con queso,Porción estándar 3 unidades rellenas con queso,Express,500.0
Pop corn,Tradicional cabritas dulces en cucurucho. 75gr aprox,Tradicional cabritas dulces en cucurucho. 75gr aprox,Express,500.0
Algodón de azúcar,Tradicional algodón de azúcar color rosa o azul,Tradicional algodón de azúcar color rosa o azul,Express,500.0
Helados,"Helados formato barquillo sabores chocolate, vainilla y mixto","Helados formato barquillo sabores chocolate, vainilla y mixto",Express,500.0
Bebidas,Formato lata 350ml. Variedades según disponibilidad de stock Coca Cola Company,Formato lata 350ml. Variedades según disponibilidad de stock Coca Cola Company,Express,500.0
Mechada Italiana,"Pan brioche 11 cm, mechada de vacuno, palta 100% hass, tomates frescos","Pan brioche 11 cm, mechada de vacuno, palta 100% hass, tomates frescos",Express,500.0
Algodones de azúcar,"Tradicional algodón de azúcar, dos colores: rosa o azul","Tradicional algodón de azúcar, dos colores: rosa o azul",Express,500.0
Churros españoles,"Churro tradicional envuelto en azúcar flor, 2 unidades","Churro tradicional envuelto en azúcar flor, 2 unidades",Express,500.0
Churros rellenos,Churros rellenos de manjar,Churros rellenos de manjar,Express,500.0
Wraps Mixto,"Pollo y vacuno. Tortilla XL, lechuga, guacamole, crema ácida, queso granulado","Pollo y vacuno. Tortilla XL, lechuga, guacamole, crema ácida, queso granulado",Express,500.0
Bebestibles calientes,"Café de grano, chocolate caliente, té, infusiones y leche semidescremada. Incluye endulzante y/o azúcar, revolvedor, vaso término desechable","Café de grano, chocolate caliente, té, infusiones y leche semidescremada. Incluye endulzante y/o azúcar, revolvedor, vaso término desechable",Express,500.0
Hamburguesas Italianas,"Pan brioche 11 cm de diámetro, hamburguesa 100 gr, tomates frescos, palta hass 100%","Pan brioche 11 cm de diámetro, hamburguesa 100 gr, tomates frescos, palta hass 100%",Express,500.0
Wraps Pollo,"Tortilla XL, guacamole, lechuga, queso granulado, salsa ácida y Pollo","Tortilla XL, guacamole, lechuga, queso granulado, salsa ácida y Pollo",Express,500.0
Wraps Vacuno,"Tortilla XL, guacamole,  lechuga, queso granulado, salsa ácida y carne de vacuno","Tortilla XL, guacamole,  lechuga, queso granulado, salsa ácida y carne de vacuno",Express,500.0
Sandwich Vegetariano,"Pan brioche, NOTburger, palta 100% hass y tomates frescos","Pan brioche, NOTburger, palta 100% hass y tomates frescos",Express,500.0
Wraps Mechada,"Tortilla XL, guacamole, lechuga, queso granulado, salsa ácida y carne mechada","Tortilla XL, guacamole, lechuga, queso granulado, salsa ácida y carne mechada",Express,500.0
Wraps Vegetarianos,"Tortilla XL, guacamole, lechuga, queso granulado, salsa ácida y champiñones","Tortilla XL, guacamole, lechuga, queso granulado, salsa ácida y champiñones",Express,500.0
Hot Dogs Dinámico,"Pan lengua, salchicha sureña, palta hass 100%, tomate frescos, salsa americana, chucrut","Pan lengua, salchicha sureña, palta hass 100%, tomate frescos, salsa americana, chucrut",Express,500.0
Hot dog Completo,"Pan lengua, salchicha sureña, tomate picado, salsa verde, ají verde","Pan lengua, salchicha sureña, tomate picado, salsa verde, ají verde",Express,500.0
Chocolate caliente + Muffin,Tradicional chocolate caliente acompañado de muffin variedad Choco chips o arándano según disponibilidad,Tradicional chocolate caliente acompañado de muffin variedad Choco chips o arándano según disponibilidad,Express,500.0
Mini Hot Dog Italiano,"Pan mini lengua 9 cm, Salchica PF sureña, Palta hass, Tomates frescos","Pan mini lengua 9 cm, Salchica PF sureña, Palta hass, Tomates frescos",Express,500.0
As Luco,"Pan Lengua, Carne de Vacuno, Queso Mantecoso","Pan Lengua, Carne de Vacuno, Queso Mantecoso",Express,500.0
Pizzetas,"2 unidades de pizzetas, Jamon queso, pepperoni, veggie","2 unidades de pizzetas, Jamon queso, pepperoni, veggie",Express,500.0
Hamburguesas italianas not burger,"Pan brioche, hamburguesa not burger 100 gr, tomates frescos, palta hass 100%","Pan brioche, hamburguesa not burger 100 gr, tomates frescos, palta hass 100%",Express,500.0
Pop corn,Tradicional cabrita envasada 30gr aprox,Tradicional cabrita envasada 30gr aprox,Express,500.0
Churrasco Luco,"Pan de brioche, carne de vacuno y queso mantecoso","Pan de brioche, carne de vacuno y queso mantecoso",Express,500.0
Mini Churrasco italiano,"Pan amasado, churrasco de vacuno, palta hass, tomates frescos","Pan amasado, churrasco de vacuno, palta hass, tomates frescos",Express,500.0
Lomito Luco,"Pan brioche, carne de cerdo, queso mantecoso o queso cheddar","Pan brioche, carne de cerdo, queso mantecoso o queso cheddar",Express,500.0
Hotdogs,"Pan lengua, salchicha PF sureña. Salsas mayonesa, ketchup y mostaza","Pan lengua, salchicha PF sureña. Salsas mayonesa, ketchup y mostaza",Express,500.0
Hotdogs veggie,"Pan lengua, salchica vegana y salsas mayonesa, ketchup y mostaza","Pan lengua, salchica vegana y salsas mayonesa, ketchup y mostaza",Express,500.0
Brochetas de fruta,"Platano, frutillas, marshmallow y salsa de chocolate","Platano, frutillas, marshmallow y salsa de chocolate",Express,500.0
Mini Hamburguesas Clásicas,"Pan amasado mini, hamburguesa casera 60gr, queso cheddar o queso mantecoso, Lechuga fresca y tomates frescos","Pan amasado mini, hamburguesa casera 60gr, queso cheddar o queso mantecoso, Lechuga fresca y tomates frescos",Express,500.0
Anticuchos,"Tradicional Anticucho, pollo, vacuno y verduras","Tradicional Anticucho, pollo, vacuno y verduras",Express,500.0
Mini Cheese burger,"Pan amasadso, hamburguesa casera 60gr, queso cheddar o queso mantecoso, salsa bbq, cebolla caramelizada.","Pan amasadso, hamburguesa casera 60gr, queso cheddar o queso mantecoso, salsa bbq, cebolla caramelizada.",Express,500.0
Brochetas de fruta,"Platanos, frutillas, marshmallow y salsa de chocolate","Platanos, frutillas, marshmallow y salsa de chocolate",Express,500.0
Hamburguesas vegetarianas,"Pan brioche, champiñones, tomates frescos, palta hass 100%","Pan brioche, champiñones, tomates frescos, palta hass 100%",Express,500.0
Hot dogs Veggies italianos,"Pan Lengua, salchicha veggie, palta 100% hass, tomates frescos y mayonesa","Pan Lengua, salchicha veggie, palta 100% hass, tomates frescos y mayonesa",Express,500.0
Mechada Luco,"Pan brioche, mechada de vacuno, queso mantecoso","Pan brioche, mechada de vacuno, queso mantecoso",Express,500.0
Wraps Vegetarianos,"Champiñones, Tortilla XL, Lechuga, Guacamole, Queso granulado, Salsa Ácida","Champiñones, Tortilla XL, Lechuga, Guacamole, Queso granulado, Salsa Ácida",Express,500.0
Helados Savory,Helados formato paleta variedad básica,Helados formato paleta variedad básica,Express,500.0
Mini hamburguesa Italiana,"Pan amasado mini, hamburguesa casera 60gr, palta hass, tomates frescos","Pan amasado mini, hamburguesa casera 60gr, palta hass, tomates frescos",Express,500.0
Coffee Break,"Té , café de grano, café descafeinado, leche y leche semi descremada","Té , café de grano, café descafeinado, leche y leche semi descremada",Express,500.0
Mini Burger Clásicas,"Pan amasado mini, hamburguesa casera 60gr, queso mantecoso, lechuga y tomate","Pan amasado mini, hamburguesa casera 60gr, queso mantecoso, lechuga y tomate",Express,500.0
Bebidas,"Formato botella 350cc Variedad sabores:, coca-cola, sprite, fanta, zero y Tradicional.","Formato botella 350cc Variedad sabores:, coca-cola, sprite, fanta, zero y Tradicional.",Express,500.0
Mini  Burger Italiana,"Pan amasado mini, hamburguesa casera 70 gr., Palta has 100%, tomates frescos","Pan amasado mini, hamburguesa casera 70 gr., Palta has 100%, tomates frescos",Express,500.0
Helados Sundae,"Helados en vaso, sabores chocolate, vainilla o mixto","Helados en vaso, sabores chocolate, vainilla o mixto",Express,500.0
Mini Hot Dogs Italianos Veggies,"Pan lengua mini, salchicha veggie, palta has 100%, tomates frescos","Pan lengua mini, salchicha veggie, palta has 100%, tomates frescos",Express,500.0
Mini aliado,"Pan amasado mini, jamon y queso","Pan amasado mini, jamon y queso",Express,500.0
Mini Wraps Pollo,"Torilla mini, guacamole, lechuga, queso granulado y salsa ácida a gusto","Torilla mini, guacamole, lechuga, queso granulado y salsa ácida a gusto",Express,500.0
Lomito Chacarero,"Pan de brioche, lomito de cerdo 100 gr, porotos verdes, tomates frescos, ají verde","Pan de brioche, lomito de cerdo 100 gr, porotos verdes, tomates frescos, ají verde",Express,500.0
Hamburguesa not burger Chacarero,"Pan de brioche, hamburguesa not burger, porotos verdes, tomates frescos, ají verde","Pan de brioche, hamburguesa not burger, porotos verdes, tomates frescos, ají verde",Express,500.0
Mini Mechada Italiana,"Pan amasado mini, Carne mechada, Palta has 100%, tomates frescos","Pan amasado mini, Carne mechada, Palta has 100%, tomates frescos",Express,500.0
Hamburguesa Express,"Pan Brioche, Hamburguesa de 100 gr, queso cheddar o mantecoso, salsa BBQ, champiñones y cebolla caramelizada","Pan Brioche, Hamburguesa de 100 gr, queso cheddar o mantecoso, salsa BBQ, champiñones y cebolla caramelizada",Express,500.0
Hamburguesa Luco,"Pan Brioche, Hamburguesa de 100 gr y queso cheddar","Pan Brioche, Hamburguesa de 100 gr y queso cheddar",Express,500.0
Empanadas de pino,Tradicional empanada chilena de pino con carne picada,Tradicional empanada chilena de pino con carne picada,Express,500.0
Empanadas vegetariana,Variedad queso - vegetariana,Variedad queso - vegetariana,Express,500.0
Choripan,"Pan de marraqueta 14cm, choriso angus y pebre chileno","Pan de marraqueta 14cm, choriso angus y pebre chileno",Express,500.0
Donuts,1 donuts con cubierta de chocolate,1 donuts con cubierta de chocolate,Express,500.0
Pizzas,"Tradicional pre-horneada formato invididual 16cm de diámetro. Variedad jamón queso, pepperoni y vegetariana.","Tradicional pre-horneada formato invididual 16cm de diámetro. Variedad jamón queso, pepperoni y vegetariana.",Express,500.0
Aguas,Botellas de 500cc,Botellas de 500cc,Express,500.0
Cervezas,"Formato botellin, Stella Artois, Royal Guard y Sol, según disponibilidad","Formato botellin, Stella Artois, Royal Guard y Sol, según disponibilidad",Express,500.0
Mechada Chacarera,"Pan Brioche, Mechada de Vacuno, Porotos Verdes, Tomates Frescos, Ají verde","Pan Brioche, Mechada de Vacuno, Porotos Verdes, Tomates Frescos, Ají verde",Express,500.0
Mechada Express,"Pan Brioche, Mechada de vacuno, Queso cheddar o mantecoso, salsa bbq, cebolla caramelizada","Pan Brioche, Mechada de vacuno, Queso cheddar o mantecoso, salsa bbq, cebolla caramelizada",Express,500.0
Mechada Clásica,"Pan brioche, mechada de vacuno, cebolla, tomate frescos, lechuga","Pan brioche, mechada de vacuno, cebolla, tomate frescos, lechuga",Express,500.0
Dulces Chilenos,"Porcion de 3 pasteles:   Principe merengue, chilenito, empolvados","Porcion de 3 pasteles:   Principe merengue, chilenito, empolvados",Express,500.0
Mote con huesillo,Bebestible tradicional chileno formato individual 330 cc. Incluye cuchara,Bebestible tradicional chileno formato individual 330 cc. Incluye cuchara,Express,500.0
Ají Verde,,,Express,500.0
Churrasco tomate,"Pan de brioche, carne de vacuno,  tomates frescos","Pan de brioche, carne de vacuno,  tomates frescos",Express,500.0
Mini Veggie Italiano,"Pan amasado mini, champiñones, palta hass, tomates frescos","Pan amasado mini, champiñones, palta hass, tomates frescos",Express,500.0
Mini Lomito Italiano,"Pan amasado mini, Lomito de cerdo, palta hass, tomates frescos","Pan amasado mini, Lomito de cerdo, palta hass, tomates frescos",Express,500.0
As XL,"Pan lengua XL, tomates frescos, palta 100% hass, carne de vacuno","Pan lengua XL, tomates frescos, palta 100% hass, carne de vacuno",Express,500.0
Empanadas Napolitanas,Empanada tradicional napolitana,Empanada tradicional napolitana,Express,500.0
Bebidas,"Formato botella 350cc variedad sabor, coca-cola, sprite, fanta, zero y Tradicional.","Formato botella 350cc variedad sabor, coca-cola, sprite, fanta, zero y Tradicional.",Express,500.0
Hamburguesas Clásicas Not Burger,"Pan brioche, hamburguesa NOT burger, queso, lechuga, tomates frescos","Pan brioche, hamburguesa NOT burger, queso, lechuga, tomates frescos",Express,500.0
Mini burger Clásicas Vegetarianas,"Pan amasado mini, champiñones, queso cheddar o queso mantecoso, Lechuga fresca y tomates frescos","Pan amasado mini, champiñones, queso cheddar o queso mantecoso, Lechuga fresca y tomates frescos",Express,500.0
Choripan Vegetariano,"Pan de marraqueta , Choripan Veggie","Pan de marraqueta , Choripan Veggie",Express,500.0
Líquidos calientes,"Café de grano, té o chocolate caliente. Incluye endulzante o azúcar, revolvedor y vaso térmico desechable","Café de grano, té o chocolate caliente. Incluye endulzante o azúcar, revolvedor y vaso térmico desechable",Express,500.0
Media Luna,1 medialuna.,1 medialuna.,Express,500.0
Churrasco Chacarero,,,Express,500.0
Suspiro limeño,,,Express,500.0
Mini As italiano,"Pan mini lengua 9 cm, carne de vacuno , Palta hass, Tomates frescos","Pan mini lengua 9 cm, carne de vacuno , Palta hass, Tomates frescos",Express,500.0
Mini Burgers Italianas,"Pan amasado mini, hamburguesas caseras, palta 100% ass y tomates frescos.","Pan amasado mini, hamburguesas caseras, palta 100% ass y tomates frescos.",Express,500.0
Hot Dog Americano,"Pan lengua 17 cm, Vienesa PF ""sureña""","Pan lengua 17 cm, Vienesa PF ""sureña""",Express,500.0
Hot dogg Veggie Americano,"Pan lengua 17 cm, Vienesas veggie","Pan lengua 17 cm, Vienesas veggie",Express,500.0
Salchipapas,Papas fritas con salchichas picadas,Papas fritas con salchichas picadas,Express,500.0
hora extra,1 hora por extension servicio.,1 hora por extension servicio.,Express,500.0
Muffins,"Tradicional Muffin, sabor según stock","Tradicional Muffin, sabor según stock",Express,500.0
Hot dogs Italianos,"Pan lengua, salchicha PF sureña, palta as 100% y tomates frescos","Pan lengua, salchicha PF sureña, palta as 100% y tomates frescos",Express,500.0
Cebolla Caramelizada,,,Express,500.0
Nuggets de pollo,3 unidades de nuggets de pollo,3 unidades de nuggets de pollo,Express,500.0
Jugos,Formato lata 350ml. Variedades según disponibilidad de stock,Formato lata 350ml. Variedades según disponibilidad de stock,Express,500.0
Mini Churrasco luco,"Pan amasado mini, churrasco y queso","Pan amasado mini, churrasco y queso",Express,500.0
Lomito italiano,"Pan brioche 11 cm, lomito de cerdo, palta 100% hass y tomates frescos","Pan brioche 11 cm, lomito de cerdo, palta 100% hass y tomates frescos",Express,500.0
Coffee Break simple,"Té , café de grano, café descafeinado y leche","Té , café de grano, café descafeinado y leche",Express,500.0
Cheese burger,"Pan Brioche , hamburguesa de 100 gr y queso cheddar o mantecoso","Pan Brioche , hamburguesa de 100 gr y queso cheddar o mantecoso",Express,500.0
Waffles,"Tradicional Waffle, salsa de chocolate, frutilla y platano","Tradicional Waffle, salsa de chocolate, frutilla y platano",Express,500.0
Hotdogs italianos de pavo,"Pan lengua, salchicha llanquihue, palta as 100% y tomates frescos","Pan lengua, salchicha llanquihue, palta as 100% y tomates frescos",Express,500.0
Granizado,Tradicional granizado variedad sabor según disponibilidad. 300cc,Tradicional granizado variedad sabor según disponibilidad. 300cc,Express,500.0
Sandwich Aliado,"Tradicional Sandwich pan de molde, queso y jamon","Tradicional Sandwich pan de molde, queso y jamon",Express,500.0
Hamburguesas de quinoa,"Pan brioche, hamburuguesa de quinoa, palta 100% has y tomates frescos","Pan brioche, hamburuguesa de quinoa, palta 100% has y tomates frescos",Express,500.0
Mini Terremoto,,,Express,500.0
Churrasco dinámico,"Pan brioche, carne de vacuno, tomates frescos, palta 100% hass, queso cheddar, cebolla, lechuga, porotos verdes","Pan brioche, carne de vacuno, tomates frescos, palta 100% hass, queso cheddar, cebolla, lechuga, porotos verdes",Express,500.0
Tapaditos,"Pan de molde, queso y jamon","Pan de molde, queso y jamon",Express,500.0
Mechada italiana vegetariana,"Pan brioche, hamburguesa not burguer, palta 100% hass, tomates frescos","Pan brioche, hamburguesa not burguer, palta 100% hass, tomates frescos",Express,500.0
Intercambio.,Intecambio salchicha mr veggie y burguer veggie.,Intecambio salchicha mr veggie y burguer veggie.,Express,500.0
Estación de fruta,Variedad de frutas,Variedad de frutas,Express,500.0
Hamburguesa Clásica Opción 2,"Pan Frica Fuchs, hamburguesa 100 grs, lechuga, queso cheddar o mantecoso, cebolla morada, pepinillos.","Pan Frica Fuchs, hamburguesa 100 grs, lechuga, queso cheddar o mantecoso, cebolla morada, pepinillos.",Express,500.0
Papas Fritas L,"Canasto de papas fritas 200gr aprox, condimentadas con sal, orégano y merken a gusto","Canasto de papas fritas 200gr aprox, condimentadas con sal, orégano y merken a gusto",Express,500.0
Churrasco Palta,"Pan de brioche, carne de vacuno, palta 100% hass.","Pan de brioche, carne de vacuno, palta 100% hass.",Express,500.0
Operador extra,,,Express,500.0
Hamburguesa Clásica vegetariana,"Pan  brioche, hamburguesa not buguer, queso, lechuga, tomates frescos","Pan  brioche, hamburguesa not buguer, queso, lechuga, tomates frescos",Express,500.0
Sopaillas,Dos unidades de  sopailpilla pp,Dos unidades de  sopailpilla pp,Express,500.0
Chucrut,,,Express,500.0
Salsa Americana,,,Express,500.0
Hot dog Champiñones,,,Express,500.0
Empanadas de coctel,,,Express,500.0
PopCorn Personalizado,,,Express,500.0
Terremotos,,,Express,500.0
Mini Cheese burger veggie,"Pan amasadso, poroto negro, queso cheddar o queso mantecoso, salsa bbq, cebolla caramelizada.","Pan amasadso, poroto negro, queso cheddar o queso mantecoso, salsa bbq, cebolla caramelizada.",Express,500.0
Papa hilo,,,Express,500.0
Maní Confitado,,,Express,500.0
Anticuchos Vegetarianos,,,Express,500.0
Carro Extra,,,Express,500.0
Manzana confitada,,,Express,500.0
Salsas para churro,,,Express,500.0
Agua mineral con gas,,,Express,500.0
Chocolate caliente,,,Express,500.0
Bebidas Calientes,,,Express,500.0
Pepinillo,,,Express,500.0
Cebolla,,,Express,500.0
Palta,,,Express,500.0
Tragos de coctel,,,Express,500.0
Agua saborizada,,,Express,500.0
Pisco sour,,,Express,500.0
Gráfica Personalizada,,,Express,500.0
Espumante,,,Express,500.0
Lechuga,,,Express,500.0
Queso Chedar o Mantecoso,,,Express,500.0
Barman,Barman de coctelería básica,Barman de coctelería básica,Express,500.0
Algodón de azúcar,"Suave algodón de azúcar en palillo de madera, disponible en tonos rosa y azul.","Suave algodón de azúcar en palillo de madera, disponible en tonos rosa y azul.",Del Sabor,500.0
As Del Sabor,"Pan Lengua fresco con jugosa carne de vacuno, lechuga crujiente, tomate maduro, queso derretido, cebolla caramelizada, pimentón salteado y un toque de papas hilo.","Pan Lengua fresco con jugosa carne de vacuno, lechuga crujiente, tomate maduro, queso derretido, cebolla caramelizada, pimentón salteado y un toque de papas hilo.",Del Sabor,500.0
As Italiano,"Pan Lengua relleno de carne de vacuno tierna, palta cremosa y tomate jugoso.","Pan Lengua relleno de carne de vacuno tierna, palta cremosa y tomate jugoso.",Del Sabor,500.0
Brochetas de Frutas,"Palito con plátano fresco, frutilla dulce y marshmallow, cubiertos con salsa de chocolate.","Palito con plátano fresco, frutilla dulce y marshmallow, cubiertos con salsa de chocolate.",Del Sabor,500.0
Burger Clásica,"Pan brioche suave con hamburguesa jugosa, lechuga crocante, tomate maduro, queso fundido, pepinillos y cebolla morada fresca.","Pan brioche suave con hamburguesa jugosa, lechuga crocante, tomate maduro, queso fundido, pepinillos y cebolla morada fresca.",Del Sabor,500.0
Burger Clásica especial,"Pan brioche suave con hamburguesa jugosa, palta 100% hass, lechuga crocante, tomate maduro, queso fundido, pepinillos y cebolla morada fresca.","Pan brioche suave con hamburguesa jugosa, palta 100% hass, lechuga crocante, tomate maduro, queso fundido, pepinillos y cebolla morada fresca.",Del Sabor,500.0
Opcion vegetariana,Intercambio de proteina tradiconal por vegetariana ( Not burguer) hecha en base a plantas,Intercambio de proteina tradiconal por vegetariana ( Not burguer) hecha en base a plantas,Del Sabor,500.0
Burger Clásica (Casera),"Pan brioche suave con hamburguesa jugosa, lechuga crocante, tomate maduro, queso fundido, pepinillos y cebolla morada fresca.","Pan brioche suave con hamburguesa jugosa, lechuga crocante, tomate maduro, queso fundido, pepinillos y cebolla morada fresca.",Del Sabor,500.0
Burger Del Sabor,"Pan brioche con hamburguesa tierna, lechuga crujiente, tomate, queso fundido, cebolla caramelizada, pimentón salteado y papas hilo.","Pan brioche con hamburguesa tierna, lechuga crujiente, tomate, queso fundido, cebolla caramelizada, pimentón salteado y papas hilo.",Del Sabor,500.0
Burger Italiana,"Pan brioche con hamburguesa jugosa, palta cremosa y rodajas de tomate fresco.","Pan brioche con hamburguesa jugosa, palta cremosa y rodajas de tomate fresco.",Del Sabor,500.0
Cabritas,Crujientes palomitas de maíz servidas en un cono de papel.,Crujientes palomitas de maíz servidas en un cono de papel.,Del Sabor,500.0
NOTburger italiana,Sabrosa Not butguer con palta fresca y tomate laminado en un suave pan brioche.,Sabrosa Not butguer con palta fresca y tomate laminado en un suave pan brioche.,Del Sabor,500.0
Cebolla Crispy,"Porción adicional de cebolla frita, crocante y dorada.","Porción adicional de cebolla frita, crocante y dorada.",Del Sabor,500.0
Cebolla Morada,Porción adicional de cebolla morada fresca y crujiente.,Porción adicional de cebolla morada fresca y crujiente.,Del Sabor,500.0
Champiñón,Porción adicional de champiñones salteados y jugosos.,Porción adicional de champiñones salteados y jugosos.,Del Sabor,500.0
Churrasco Clásico,"Pan brioche con carne de vacuno , lechuga crujiente, tomate maduro, queso fundido, pepinillos y cebolla morada fresca.","Pan brioche con carne de vacuno , lechuga crujiente, tomate maduro, queso fundido, pepinillos y cebolla morada fresca.",Del Sabor,500.0
Churrasco Del Sabor,"Pan brioche con carne de vacuno, lechuga crujiente, tomate fresco, queso derretido, cebolla caramelizada, y papas hilo.","Pan brioche con carne de vacuno, lechuga crujiente, tomate fresco, queso derretido, cebolla caramelizada, y papas hilo.",Del Sabor,500.0
Churrasco sabor,"Pan brioche con carne de vacuno, palta cremosa y tomate jugoso, queso y ceboolla caremelizada.","Pan brioche con carne de vacuno, palta cremosa y tomate jugoso, queso y ceboolla caremelizada.",Del Sabor,500.0
Churrasco Italiano,"Pan brioche con carne de vacuno, palta cremosa y tomate jugoso.","Pan brioche con carne de vacuno, palta cremosa y tomate jugoso.",Del Sabor,500.0
Churros Españoles,Porcion churros crujientes espolvoreados con azúcar flor. (4 unidades),Porcion churros crujientes espolvoreados con azúcar flor. (4 unidades),Del Sabor,500.0
Churros Rellenos,Un churro relleno con un toque dulce y delicioso.,Un churro relleno con un toque dulce y delicioso.,Del Sabor,500.0
Empanaditas,Tres empanaditas crujientes con relleno cremoso de queso. (porcion 3 unidades),Tres empanaditas crujientes con relleno cremoso de queso. (porcion 3 unidades),Del Sabor,500.0
Helados Soft,"Helado suave de vainilla, chocolate o mixto, servido en un crujiente barquillo.","Helado suave de vainilla, chocolate o mixto, servido en un crujiente barquillo.",Del Sabor,500.0
HotDog Del Sabor vegetariano,"Pan Lengua con salchicha MR VEGGIE, palta cremosa, tomate fresco, cebolla caramelizada y papas hilo.","Pan Lengua con salchicha MR VEGGIE, palta cremosa, tomate fresco, cebolla caramelizada y papas hilo.",Del Sabor,500.0
Helados Sundae,"Helado soft en vaso con opciones de vainilla, chocolate o mixto, cubierto con salsa de manjar, chocolate o frambuesa.","Helado soft en vaso con opciones de vainilla, chocolate o mixto, cubierto con salsa de manjar, chocolate o frambuesa.",Del Sabor,500.0
HotDog Del Sabor,"Pan Lengua con salchicha Sureña Pf Premium, palta cremosa, tomate fresco, cebolla caramelizada y papas hilo.","Pan Lengua con salchicha Sureña Pf Premium, palta cremosa, tomate fresco, cebolla caramelizada y papas hilo.",Del Sabor,500.0
HotDog Italiano,"Pan Lengua con salchicha Sureña Pf Premium, palta cremosa y tomate maduro.","Pan Lengua con salchicha Sureña Pf Premium, palta cremosa y tomate maduro.",Del Sabor,500.0
Lechuga,Porción adicional de lechuga fresca y crujiente.,Porción adicional de lechuga fresca y crujiente.,Del Sabor,500.0
Lomito Clásico,"Pan brioche con lomo de cerdo tierno, lechuga fresca, tomate maduro, queso derretido, pepinillos y cebolla morada crujiente.","Pan brioche con lomo de cerdo tierno, lechuga fresca, tomate maduro, queso derretido, pepinillos y cebolla morada crujiente.",Del Sabor,500.0
Lomito Del Sabor,"Pan brioche con lomo de cerdo, lechuga crujiente, tomate, queso fundido, cebolla caramelizada, pimentón salteado y papas hilo.","Pan brioche con lomo de cerdo, lechuga crujiente, tomate, queso fundido, cebolla caramelizada, pimentón salteado y papas hilo.",Del Sabor,500.0
Lomito Italiano,"Pan brioche con lomo de cerdo, palta cremosa y rodajas de tomate fresco.","Pan brioche con lomo de cerdo, palta cremosa y rodajas de tomate fresco.",Del Sabor,500.0
Mechada Clásica,"Pan brioche con mechada de vacuno, lechuga fresca, queso mantecoso, pepinillos y cebolla morada crujiente.","Pan brioche con mechada de vacuno, lechuga fresca, queso mantecoso, pepinillos y cebolla morada crujiente.",Del Sabor,500.0
Mechada Del Sabor,"Pan brioche con mechada de vacuno, lechuga crujiente, tomate fresco, queso fundido, cebolla caramelizada, pimentón salteado y papas hilo.","Pan brioche con mechada de vacuno, lechuga crujiente, tomate fresco, queso fundido, cebolla caramelizada, pimentón salteado y papas hilo.",Del Sabor,500.0
Mechada Italiana,"Pan brioche con mechada de vacuno, palta cremosa y rodajas de tomate fresco.","Pan brioche con mechada de vacuno, palta cremosa y rodajas de tomate fresco.",Del Sabor,500.0
Mini As Italiano,"Mini baguette con carne de vacuno, palta cremosa y tomate fresco.","Mini baguette con carne de vacuno, palta cremosa y tomate fresco.",Del Sabor,500.0
Mini Burger Especial,"Mini baguette con hamburguesa de 60 gramos, queso cheddar fundido y cebolla caramelizada.","Mini baguette con hamburguesa de 60 gramos, queso cheddar fundido y cebolla caramelizada.",Del Sabor,500.0
Mini Burger Italiana,"Mini baguette con hamburguesa de 60 gramos, palta cremosa y tomate fresco.","Mini baguette con hamburguesa de 60 gramos, palta cremosa y tomate fresco.",Del Sabor,500.0
Mini Churrasco Especial,"Mini pan amasado con carne de vacuno, queso cheddar derretido y cebolla caramelizada.","Mini pan amasado con carne de vacuno, queso cheddar derretido y cebolla caramelizada.",Del Sabor,500.0
Mini Churrasco Italiano,"Mini pan amasado con carne de vacuno, palta cremosa y rodajas de tomate fresco.","Mini pan amasado con carne de vacuno, palta cremosa y rodajas de tomate fresco.",Del Sabor,500.0
Mini HotDog Italiano,"Mini baguette con salchicha Sureña Pf Premium, palta cremosa y tomate fresco.","Mini baguette con salchicha Sureña Pf Premium, palta cremosa y tomate fresco.",Del Sabor,500.0
Mini Lomito Especial,"Mini baguette con lomo de cerdo, queso cheddar derretido y cebolla caramelizada.","Mini baguette con lomo de cerdo, queso cheddar derretido y cebolla caramelizada.",Del Sabor,500.0
Mini Lomito Italiano,"Mini baguette con lomo de cerdo, palta cremosa y rodajas de tomate fresco.","Mini baguette con lomo de cerdo, palta cremosa y rodajas de tomate fresco.",Del Sabor,500.0
Mini Mechada Especial,"Mini baguette con mechada de vacuno, queso cheddar fundido y cebolla caramelizada.","Mini baguette con mechada de vacuno, queso cheddar fundido y cebolla caramelizada.",Del Sabor,500.0
Mini Mechada Italiana,"Mini baguette con mechada de vacuno, palta cremosa y tomate fresco.","Mini baguette con mechada de vacuno, palta cremosa y tomate fresco.",Del Sabor,500.0
Nuggets,Porción de tres nuggets de pollo dorados y crujientes.,Porción de tres nuggets de pollo dorados y crujientes.,Del Sabor,500.0
"1 carro adiconal, mas 1 operador (extras)",,,Del Sabor,500.0
Papas Fritas.,Porción de 140 gr papas fritas doradas y crujientes.,Porción de 140 gr papas fritas doradas y crujientes.,Del Sabor,500.0
Pepinillos Dulces,Porción adicional de pepinillos dulces y crocantes.,Porción adicional de pepinillos dulces y crocantes.,Del Sabor,500.0
Bebida en lata,"Bebidas Variedades en 350 cc formato en lata Variedad sabor, coca-cola, sprite, fanta, zero y tradicional","Bebidas Variedades en 350 cc formato en lata Variedad sabor, coca-cola, sprite, fanta, zero y tradicional",Del Sabor,500.0
Pizza J-Q-O,"Pizza individual con jamón, queso fundido y un toque de orégano.","Pizza individual con jamón, queso fundido y un toque de orégano.",Del Sabor,500.0
Pizza T-Q-A,"Pizza individual con rodajas de tomate, queso derretido y aceitunas.","Pizza individual con rodajas de tomate, queso derretido y aceitunas.",Del Sabor,500.0
Pizza Veggie,"Salsa de tomate, queso, aceitunas, espárragos y granos de choclo.","Salsa de tomate, queso, aceitunas, espárragos y granos de choclo.",Del Sabor,500.0
Pizzeta J-Q-O,"Dos mini pizzetas con jamón, queso derretido y un toque de orégano.","Dos mini pizzetas con jamón, queso derretido y un toque de orégano.",Del Sabor,500.0
Pizza Pepperoni,Pizza individual con pepperoni y queso fundido.,Pizza individual con pepperoni y queso fundido.,Del Sabor,500.0
Pizzeta Pepperoni,Dos mini pizzetas con pepperoni y queso fundido.,Dos mini pizzetas con pepperoni y queso fundido.,Del Sabor,500.0
Pizzeta Veggie,"Dos mini pizzetas con choclo, pimentón y aceitunas.","Dos mini pizzetas con choclo, pimentón y aceitunas.",Del Sabor,500.0
Poroto Verde,Porción adicional de poroto verde tierno.,Porción adicional de poroto verde tierno.,Del Sabor,500.0
Queso Mantecoso,Porción adicional de queso mantecoso suave y cremoso.,Porción adicional de queso mantecoso suave y cremoso.,Del Sabor,500.0
Salsa Americana,Porción adicional de salsa americana sabrosa.,Porción adicional de salsa americana sabrosa.,Del Sabor,500.0
Salsa Verde,Porción adicional de salsa verde fresca.,Porción adicional de salsa verde fresca.,Del Sabor,500.0
HotDog italiano vegetariano,"La clásica combinación de salchicha MR VEGGIE, palta fresca y tomate cubo, envuelta en un suave pan Lengua.","La clásica combinación de salchicha MR VEGGIE, palta fresca y tomate cubo, envuelta en un suave pan Lengua.",Del Sabor,500.0
Waffles,"Waffles calientes con plátano, frutillas y salsa de chocolate.","Waffles calientes con plátano, frutillas y salsa de chocolate.",Del Sabor,500.0
Wraps Mechada,"Tortilla XL rellena de mechada de vacuno, lechuga crujiente, guacamole, cebolla caramelizada, poroto negro y crema ácida.","Tortilla XL rellena de mechada de vacuno, lechuga crujiente, guacamole, cebolla caramelizada, poroto negro y crema ácida.",Del Sabor,500.0
Wraps Mixto,"Tortilla XL con carne de vacuno y pechuga de pollo, lechuga crujiente, guacamole, cebolla caramelizada, poroto negro y crema ácida.","Tortilla XL con carne de vacuno y pechuga de pollo, lechuga crujiente, guacamole, cebolla caramelizada, poroto negro y crema ácida.",Del Sabor,500.0
Wraps vegetariano,"Tortilla XL champiñon, lechuga crujiente, guacamole, cebolla caramelizada, poroto negro y crema ácida.","Tortilla XL champiñon, lechuga crujiente, guacamole, cebolla caramelizada, poroto negro y crema ácida.",Del Sabor,500.0
Wraps Pollo,"Tortilla XL con pechuga de pollo, lechuga crujiente, guacamole, cebolla caramelizada, poroto negro y crema ácida.","Tortilla XL con pechuga de pollo, lechuga crujiente, guacamole, cebolla caramelizada, poroto negro y crema ácida.",Del Sabor,500.0
Wraps Vacuno,"Tortilla XL con carne de vacuno, lechuga fresca, guacamole, cebolla caramelizada, poroto negro y crema ácida.","Tortilla XL con carne de vacuno, lechuga fresca, guacamole, cebolla caramelizada, poroto negro y crema ácida.",Del Sabor,500.0
Líquidos Fríos,"Bebida, Agua Mineral con y sin gas, jugos.","Bebida, Agua Mineral con y sin gas, jugos.",Del Sabor,500.0
Estacion coffe.,"Café, té, leche y/o infusiones.","Café, té, leche y/o infusiones.",Del Sabor,500.0
Liquidos calientes,"Café, té, leche y/o infusiones.","Café, té, leche y/o infusiones.",Del Sabor,500.0
Agua,Aguas formato individual botella 500cc,Aguas formato individual botella 500cc,Del Sabor,500.0
Hora extra.,servico extendido  segun requerimiento. (10.000 por cada operador),servico extendido  segun requerimiento. (10.000 por cada operador),Del Sabor,500.0
Grafica personalizada,diseño realizado especial a evento.,diseño realizado especial a evento.,Del Sabor,500.0
Incluye - montaje:  3 carritos de comida + Stand entrega de bebidas.,,,Del Sabor,500.0
Wraps Vegetariano,"Tortilla XL,  queso granulado, lechuga fresca, guacamole, cebolla caramelizada, champiñones y crema ácida.","Tortilla XL,  queso granulado, lechuga fresca, guacamole, cebolla caramelizada, champiñones y crema ácida.",Del Sabor,500.0
Salchipapas.,"Papa pre frita y salchicha pf sureña, porción estandar 250gr , con  opcion de ser condimentadas","Papa pre frita y salchicha pf sureña, porción estandar 250gr , con  opcion de ser condimentadas",Del Sabor,500.0
NOT Burger Clásica,"Pan brioche suave, Not burguer vegetariana, lechuga crocante, tomate maduro, queso fundido, pepinillos y cebolla morada fresca.","Pan brioche suave, Not burguer vegetariana, lechuga crocante, tomate maduro, queso fundido, pepinillos y cebolla morada fresca.",Del Sabor,500.0
Pack por invitado.,"1 Churrasco Italiano: Pan brioche con carne de vacuno, palta cremosa y tomate jugoso.
1 Papas fritas: Porción de 140 gr papas fritas doradas y crujientes.
1 Bebidas Variedades en 350 cc formato en lata Variedad sabor, coca-cola, sprite, fanta, zero y tradicional","1 Churrasco Italiano: Pan brioche con carne de vacuno, palta cremosa y tomate jugoso.
1 Papas fritas: Porción de 140 gr papas fritas doradas y crujientes.
1 Bebidas Variedades en 350 cc formato en lata Variedad sabor, coca-cola, sprite, fanta, zero y tradicional",Del Sabor,500.0
Horario nocturno,Eventos finalizados posterior a las 23.30 hrs (aseguramos retorno seguro de operador),Eventos finalizados posterior a las 23.30 hrs (aseguramos retorno seguro de operador),Del Sabor,500.0
Personal extra,Barman a cargo de prepracion de tragos y otros liquidos.,Barman a cargo de prepracion de tragos y otros liquidos.,Del Sabor,500.0
Tickets personalizados,"Tickets por cada producto solicitado, logo empresa incluido.","Tickets por cada producto solicitado, logo empresa incluido.",Del Sabor,500.0
Salsas extras,porciones de salsa americana + chucrut.,porciones de salsa americana + chucrut.,Del Sabor,500.0
Chocolate caliente,"Chocolate caliente: Mezcla instantánea de chocolate y leche, preparada con agua caliente. De sabor dulce y textura cremosa.","Chocolate caliente: Mezcla instantánea de chocolate y leche, preparada con agua caliente. De sabor dulce y textura cremosa.",Del Sabor,500.0
Ingredientes extra,Porciones de aji verde.,Porciones de aji verde.,Del Sabor,500.0
Bar Abierto,"Servicio Bar abierto; Agua, jugo bebida, pisco, ron, vodka, whisky, mojito, aperol, espumante","Servicio Bar abierto; Agua, jugo bebida, pisco, ron, vodka, whisky, mojito, aperol, espumante",Del Sabor,500.0
Cocktail,Cocktail de bocados frío y calientes,Cocktail de bocados frío y calientes,Del Sabor,500.0
Pizza Individual,Pizza individual variedades,Pizza individual variedades,Del Sabor,500.0
Mini Cheese Burger,Mini amasado con hamburguesa de 60 gramos y queso mantecoso,Mini amasado con hamburguesa de 60 gramos y queso mantecoso,Del Sabor,500.0
Muffin,Exquisito muffin esponjoso.,Exquisito muffin esponjoso.,Del Sabor,500.0
Sticker,Sticker personalizado 5cms diámetro pop corn/algodones,Sticker personalizado 5cms diámetro pop corn/algodones,Del Sabor,500.0
Grafica personalizada Carro Clásico,G. Personalizada carro clásico (salados),G. Personalizada carro clásico (salados),Del Sabor,500.0
Grafica personalizada Módulo Entrega,G. Personalizada para módulo de entrega productos listos,G. Personalizada para módulo de entrega productos listos,Del Sabor,500.0
Grafica personalizada Carro Vintage,G.Personalizada para carrito blanco mote con huesillos,G.Personalizada para carrito blanco mote con huesillos,Del Sabor,500.0
Medias Lunas,Medialuna esponjosa horneada,Medialuna esponjosa horneada,Del Sabor,500.0
Vaso de Frutas,Exquisito vaso con frutas de temporada 300 grs,Exquisito vaso con frutas de temporada 300 grs,Del Sabor,500.0
Burger Italiana Vegetariana,,,Del Sabor,500.0
Chucrut.,salsa adiconal,salsa adiconal,Del Sabor,500.0
Combo Burger Italiana,"Pan brioche con hamburguesa jugosa, palta cremosa y rodajas de tomate fresco.
Bebida en lata variedad andina.
Porción papas fritas de 150 grs.","Pan brioche con hamburguesa jugosa, palta cremosa y rodajas de tomate fresco.
Bebida en lata variedad andina.
Porción papas fritas de 150 grs.",Del Sabor,500.0
Porción de palta,Palta hass cremosa,Palta hass cremosa,Del Sabor,500.0
Porción de Pepinillos,Exquisitos pepinillos dill,Exquisitos pepinillos dill,Del Sabor,500.0
Montaje Previo,Montaje previo al inicio del servicio,Montaje previo al inicio del servicio,Del Sabor,500.0
Pop corn envasado,Pop corn en formato vaso 12 oz con tapa domo,Pop corn en formato vaso 12 oz con tapa domo,Del Sabor,500.0
Algodón de azúcar envasado,Algodón de azúcar en formato vaso 12 oz con tapa domo,Algodón de azúcar en formato vaso 12 oz con tapa domo,Del Sabor,500.0
Carro Vintage - Arriendo,Arriendo día de carrito vintage blanco,Arriendo día de carrito vintage blanco,Del Sabor,500.0
Empanada de pino,"Exquisita empanada de pino con carne picada, al horno.","Exquisita empanada de pino con carne picada, al horno.",Del Sabor,500.0
Brading Módulo Entrega,3 Gráficas personalizadas módulo entrega,3 Gráficas personalizadas módulo entrega,Del Sabor,500.0
Anticucho,Exquisita brocheta de 150 grs con variedad de carnes y verduras.,Exquisita brocheta de 150 grs con variedad de carnes y verduras.,Del Sabor,500.0
Choripan,Chorizo Angus en marraqueta crujiente. Incluye pebre,Chorizo Angus en marraqueta crujiente. Incluye pebre,Del Sabor,500.0
Mote con huesillo.,"Mote con huesillo , formato sellado 330 ml . Incluye: Cuchara desechable. Marca Pehuén","Mote con huesillo , formato sellado 330 ml . Incluye: Cuchara desechable. Marca Pehuén",Del Sabor,500.0
Burger Especial,"Jugosa hamburguesa de 100 grs con pepinillos dill y queso cheddar, en un pan Brioche.","Jugosa hamburguesa de 100 grs con pepinillos dill y queso cheddar, en un pan Brioche.",Del Sabor,500.0
Helados Paleta,Variedad helados paleta,Variedad helados paleta,Del Sabor,500.0
Grafica Personalizada Congelador,G. Personalizada congelador (helados),G. Personalizada congelador (helados),Del Sabor,500.0
Hot dog simple,Pan lengua y salchicha sureña pf,Pan lengua y salchicha sureña pf,Del Sabor,500.0
Mini Burger Clásica,"Mini hamburguesa con queso, tomate fresco y lechuga crujiente, en un delicioso mini pan amasado.","Mini hamburguesa con queso, tomate fresco y lechuga crujiente, en un delicioso mini pan amasado.",Del Sabor,500.0
Mechada Italiana (Marraqueta),"Pan Marraqueta con 200 gr mechada de vacuno, palta cremosa y rodajas de tomate fresco.","Pan Marraqueta con 200 gr mechada de vacuno, palta cremosa y rodajas de tomate fresco.",Del Sabor,500.0
Liquidos Fríos:,"•Bebidas Variedades en 350 cc formato en lata Variedad sabor, coca-cola, sprite, fanta,  zero y tradicional.
 • Jugos Néctar: variedad durazno, naranja, piña.
 • Aguas con y sin gas formato 500 cc.","•Bebidas Variedades en 350 cc formato en lata Variedad sabor, coca-cola, sprite, fanta,  zero y tradicional.
 • Jugos Néctar: variedad durazno, naranja, piña.
 • Aguas con y sin gas formato 500 cc.",Del Sabor,500.0
